feature,n_illicit,n_licit,illicit_median,illicit_q1,illicit_q3,licit_median,licit_q1,licit_q3,mann_whitney_u,raw_p_value,rank_biserial_correlation,effect_magnitude,direction,time_step,holm_adjusted_p_value_within_time_step
in_degree,17,2130,0.0,0.0,0.0,1.0,0.0,1.0,7807.0,9.187494582946753e-06,-0.5687931510632422,large,lower among illicit-labeled,1,4.5937472914733765e-05
out_degree,17,2130,1.0,1.0,1.0,1.0,1.0,2.0,16454.0,0.4794911245060872,-0.09119027892847276,negligible,lower among illicit-labeled,1,0.8259514570236206
pagerank_relative,17,2130,0.319925457239151,0.319925457239151,0.319925457239151,0.5714684724807739,0.319925457239151,0.8425358533859253,7480.5,2.534266241127625e-05,-0.5868268013000488,large,lower among illicit-labeled,1,0.000101370649645105
clustering,17,2130,0.0,0.0,0.0,0.0,0.0,0.0,17416.5,0.4129757285118103,-0.038028180599212646,negligible,lower among illicit-labeled,1,0.8259514570236206
k_core,17,2130,1.0,1.0,1.0,1.0,1.0,2.0,11716.0,0.0032831167031165255,-0.35288594310963817,moderate,lower among illicit-labeled,1,0.009849350109349576
in_degree,18,1099,0.0,0.0,0.75,1.0,0.0,2.0,5158.5,0.0001907843943443997,-0.47846527145890205,moderate,lower among illicit-labeled,2,0.0007631375773775989
out_degree,18,1099,1.0,0.25,1.0,1.0,1.0,1.0,7769.5,0.08460706865587331,-0.21448791830957437,small,lower among illicit-labeled,2,0.16921413731174662
pagerank_relative,18,1099,0.33450847864151,0.33450847864151,0.4055919051170349,0.6188421845436096,0.33450847864151,1.1532727479934692,4106.5,1.609712853678502e-05,-0.5848245620727539,large,lower among illicit-labeled,2,8.048564268392511e-05
clustering,18,1099,0.0,0.0,0.0,0.0,0.0,0.0,9666.0,0.5186712741851807,-0.022747933864593506,negligible,lower among illicit-labeled,2,0.5186712741851807
k_core,18,1099,1.0,1.0,1.0,1.0,1.0,2.0,5994.0,0.0007348988191712988,-0.39399454049135574,moderate,lower among illicit-labeled,2,0.0022046964575138965
in_degree,11,1268,0.0,0.0,1.0,1.0,0.0,1.0,4491.0,0.029198684214254304,-0.3560367077717236,moderate,lower among illicit-labeled,3,0.11679473685701722
out_degree,11,1268,1.0,0.0,1.0,1.0,0.0,1.0,5266.5,0.12155108992131504,-0.2448379696013765,small,lower among illicit-labeled,3,0.24310217984263008
pagerank_relative,11,1268,0.23933903872966766,0.23933903872966766,0.3410590887069702,0.42310380935668945,0.23933903872966766,0.7240213751792908,3835.0,0.008907279931008816,-0.4501003623008728,moderate,lower among illicit-labeled,3,0.04453639965504408
clustering,11,1268,0.0,0.0,0.0,0.0,0.0,0.0,6853.0,0.6609092354774475,-0.01735013723373413,negligible,lower among illicit-labeled,3,0.6609092354774475
k_core,11,1268,1.0,1.0,1.0,1.0,1.0,2.0,5209.0,0.07835536900116606,-0.2530828792658446,small,lower among illicit-labeled,3,0.23506610700349817
in_degree,30,1410,0.0,0.0,2.0,1.0,1.0,2.0,17066.5,0.052396795060280284,-0.19307328605200946,small,lower among illicit-labeled,4,0.15719038518084086
out_degree,30,1410,1.0,0.0,1.0,1.0,1.0,1.0,17353.5,0.05819157738529706,-0.17950354609929076,small,lower among illicit-labeled,4,0.15719038518084086
pagerank_relative,30,1410,0.31985169649124146,0.31985169649124146,0.6461037993431091,0.6022328734397888,0.3322097063064575,0.9739903807640076,13971.0,0.0013196096988394856,-0.33943259716033936,moderate,lower among illicit-labeled,4,0.006598048494197428
clustering,30,1410,0.0,0.0,0.0,0.0,0.0,0.0,21390.0,0.6818272471427917,0.011347532272338867,negligible,higher among illicit-labeled,4,0.6818272471427917
k_core,30,1410,1.0,1.0,1.0,1.0,1.0,2.0,15894.0,0.005009604839378651,-0.24851063829787234,small,lower among illicit-labeled,4,0.020038419357514603
in_degree,8,1874,0.0,0.0,0.25,1.0,0.0,2.0,3810.0,0.01086254189712142,-0.4917289220917823,moderate,lower among illicit-labeled,5,0.04345016758848568
out_degree,8,1874,1.0,1.0,1.0,1.0,1.0,1.0,6796.5,0.6118939179737357,-0.09331643543223056,negligible,lower among illicit-labeled,5,1.0
pagerank_relative,8,1874,0.3386741280555725,0.3386741280555725,0.34678125381469727,0.6193240880966187,0.3386741280555725,0.9745098352432251,3194.0,0.004307551309466362,-0.5739060640335083,large,lower among illicit-labeled,5,0.02153775654733181
clustering,8,1874,0.0,0.0,0.0,0.0,0.0,0.0,7352.0,0.6933420896530151,-0.019210219383239746,negligible,lower among illicit-labeled,5,1.0
k_core,8,1874,1.0,1.0,1.0,1.0,1.0,2.0,4484.0,0.020899042433790455,-0.4018143009605123,moderate,lower among illicit-labeled,5,0.06269712730137136
in_degree,5,480,1.0,1.0,1.0,1.0,0.0,2.0,822.5,0.21454405291837808,-0.3145833333333333,moderate,lower among illicit-labeled,6,0.807570219039917
out_degree,5,480,0.0,0.0,0.0,0.0,0.0,1.0,868.5,0.23505654814181698,-0.27625,small,lower among illicit-labeled,6,0.807570219039917
pagerank_relative,5,480,0.514481782913208,0.514481782913208,0.5744622945785522,0.7181602716445923,0.28802210092544556,1.200714349746704,805.5,0.20189255475997925,-0.32875001430511475,moderate,lower among illicit-labeled,6,0.807570219039917
clustering,5,480,0.0,0.0,0.0,0.0,0.0,0.0,1185.0,0.8080679774284363,-0.012499988079071045,negligible,lower among illicit-labeled,6,0.8080679774284363
k_core,5,480,1.0,1.0,1.0,1.0,1.0,2.0,777.5,0.10098258302579897,-0.3520833333333333,moderate,lower among illicit-labeled,6,0.5049129151289948
in_degree,102,1101,1.0,0.0,1.0,1.0,0.0,2.0,50341.0,0.06910438031364093,-0.10347099784509628,small,lower among illicit-labeled,7,0.13820876062728185
out_degree,102,1101,1.0,1.0,1.0,1.0,1.0,1.0,46045.0,0.0007869618865768712,-0.179978985236238,small,lower among illicit-labeled,7,0.003147847546307485
pagerank_relative,102,1101,0.6511726975440979,0.35198497772216797,0.8256149291992188,0.5651562213897705,0.35198497772216797,1.1310532093048096,55345.0,0.8055825233459473,-0.014354169368743896,negligible,lower among illicit-labeled,7,0.8055825233459473
clustering,102,1101,0.0,0.0,0.0,0.0,0.0,0.0,53958.0,0.04227430745959282,-0.03905540704727173,negligible,lower among illicit-labeled,7,0.12682292237877846
k_core,102,1101,1.0,1.0,1.0,1.0,1.0,2.0,40445.0,2.253106747865455e-08,-0.2797100674965718,small,lower among illicit-labeled,7,1.1265533739327274e-07
in_degree,67,1098,1.0,1.0,1.0,0.0,0.0,1.0,48546.0,4.889633200266365e-07,0.3197944702715929,moderate,higher among illicit-labeled,8,1.4668899600799094e-06
out_degree,67,1098,0.0,0.0,1.0,1.0,1.0,1.0,19532.5,5.372748517709716e-15,-0.46898023543484757,moderate,lower among illicit-labeled,8,2.686374258854858e-14
pagerank_relative,67,1098,0.6257545351982117,0.41355806589126587,0.7479443550109863,0.33824604749679565,0.33824604749679565,0.6918281316757202,49123.0,1.54140806785108e-07,0.33548104763031006,moderate,higher among illicit-labeled,8,6.16563227140432e-07
clustering,67,1098,0.0,0.0,0.0,0.0,0.0,0.0,36113.0,0.2657260298728943,-0.018214941024780273,negligible,lower among illicit-labeled,8,0.2657260298728943
k_core,67,1098,1.0,1.0,1.0,1.0,1.0,2.0,28642.5,9.914410251466635e-05,-0.2213114754098361,small,lower among illicit-labeled,8,0.0001982882050293327
in_degree,248,530,1.0,1.0,1.0,1.0,0.0,1.0,68214.0,0.35080271263486584,0.03794887401095548,negligible,higher among illicit-labeled,9,0.5095826983451843
out_degree,248,530,1.0,0.0,1.0,1.0,1.0,2.0,44468.0,2.1851487500580446e-15,-0.3233718807060255,moderate,lower among illicit-labeled,9,1.0925743750290224e-14
pagerank_relative,248,530,0.5336935520172119,0.36935892701148987,0.6606743931770325,0.42575958371162415,0.2987786829471588,0.9404441118240356,68982.5,0.25479134917259216,0.04964244365692139,negligible,higher among illicit-labeled,9,0.5095826983451843
clustering,248,530,0.0,0.0,0.0,0.0,0.0,0.0,64108.0,0.012963861227035522,-0.024528324604034424,negligible,lower among illicit-labeled,9,0.03889158368110657
k_core,248,530,1.0,1.0,1.0,1.0,1.0,2.0,56993.0,7.710642608869944e-05,-0.1327906269020085,small,lower among illicit-labeled,9,0.00030842570435479777
in_degree,18,954,1.0,1.0,1.0,1.0,1.0,2.0,7289.5,0.24913804551360708,-0.15100163056137894,small,lower among illicit-labeled,10,0.7474141365408212
out_degree,18,954,0.0,0.0,1.0,1.0,0.0,2.0,5110.5,0.0016623908296446272,-0.40478686233403216,moderate,lower among illicit-labeled,10,0.008311954148223137
pagerank_relative,18,954,0.5602207183837891,0.4682941138744354,0.7123911380767822,0.5057114362716675,0.3310891389846802,0.8335803747177124,9553.5,0.4096859395503998,0.11268341541290283,small,higher among illicit-labeled,10,0.7520506381988525
clustering,18,954,0.0,0.0,0.0,0.0,0.0,0.0,8226.0,0.37602531909942627,-0.04192870855331421,negligible,lower among illicit-labeled,10,0.7520506381988525
k_core,18,954,1.0,1.0,1.0,1.0,1.0,2.0,5923.0,0.009375776268786164,-0.31015606801770323,moderate,lower among illicit-labeled,10,0.037503105075144656
in_degree,131,565,1.0,0.0,1.0,1.0,0.0,1.0,36932.5,0.9686153549695659,-0.002026616226440625,negligible,lower among illicit-labeled,11,1.0
out_degree,131,565,1.0,0.0,1.0,1.0,0.0,1.0,30475.5,0.0005056156326391296,-0.1765047625481322,small,lower among illicit-labeled,11,0.002528078163195648
pagerank_relative,131,565,0.49779295921325684,0.3493284285068512,0.6462575197219849,0.36032578349113464,0.3493284285068512,0.799268364906311,36979.5,0.9889598488807678,-0.0007566213607788086,negligible,lower among illicit-labeled,11,1.0
clustering,131,565,0.0,0.0,0.0,0.0,0.0,0.0,36418.0,0.14659489691257477,-0.015929222106933594,negligible,lower among illicit-labeled,11,0.4397846907377243
k_core,131,565,1.0,1.0,1.0,1.0,1.0,1.0,32623.0,0.0038008209568023334,-0.11847598459771669,small,lower among illicit-labeled,11,0.015203283827209334
in_degree,16,490,1.0,0.0,1.0,1.0,1.0,1.0,3301.5,0.18011070545751684,-0.15778061224489792,small,lower among illicit-labeled,12,0.3602214109150337
out_degree,16,490,0.0,0.0,1.0,1.0,1.0,2.0,1744.5,5.1194052656670214e-05,-0.5549744897959183,large,lower among illicit-labeled,12,0.00025597026328335107
pagerank_relative,16,490,0.5385913848876953,0.39974212646484375,0.7490572333335876,0.7395243048667908,0.4068209230899811,1.0793064832687378,2776.5,0.04590044915676117,-0.29170918464660645,small,lower among illicit-labeled,12,0.1377013474702835
clustering,16,490,0.0,0.0,0.0,0.0,0.0,0.0,3528.0,0.18484997749328613,-0.10000002384185791,small,lower among illicit-labeled,12,0.3602214109150337
k_core,16,490,1.0,1.0,1.0,1.0,1.0,2.0,2208.0,0.0005386797131572638,-0.43673469387755104,moderate,lower among illicit-labeled,12,0.0021547188526290554
in_degree,291,518,1.0,0.0,1.0,1.0,0.0,1.0,67583.5,0.006751051281289378,-0.10329843834998476,small,lower among illicit-labeled,13,0.006751051281289378
out_degree,291,518,1.0,1.0,1.0,1.0,1.0,1.0,65308.5,0.00018649175689709752,-0.13348326234924168,small,lower among illicit-labeled,13,0.0005876504592207572
pagerank_relative,291,518,0.37652793526649475,0.295789897441864,0.547211766242981,0.4215008318424225,0.295789897441864,1.030580759048462,61079.0,4.009424174000742e-06,-0.18960052728652954,small,lower among illicit-labeled,13,2.004712087000371e-05
clustering,291,518,0.0,0.0,0.0,0.0,0.0,0.0,72459.0,0.0006960568716749549,-0.03861004114151001,negligible,lower among illicit-labeled,13,0.0013921137433499098
k_core,291,518,1.0,1.0,1.0,1.0,1.0,2.0,65883.0,0.0001469126148051893,-0.12586076503602273,small,lower among illicit-labeled,13,0.0005876504592207572
in_degree,43,374,1.0,0.0,1.0,1.0,0.0,1.0,7207.0,0.22105739711563344,-0.10371844297972888,small,lower among illicit-labeled,14,0.44211479423126687
out_degree,43,374,1.0,1.0,1.0,1.0,1.0,1.0,6262.0,0.00500143874410777,-0.22124113916179577,small,lower among illicit-labeled,14,0.02000575497643108
pagerank_relative,43,374,0.35977527499198914,0.29816004633903503,0.5515964031219482,0.5515964031219482,0.29816004633903503,1.1764708757400513,6169.5,0.009794053621590137,-0.23274469375610352,small,lower among illicit-labeled,14,0.029382160864770412
clustering,43,374,0.0,0.0,0.0,0.0,0.0,0.0,7933.5,0.4482657015323639,-0.013368964195251465,negligible,lower among illicit-labeled,14,0.4482657015323639
k_core,43,374,1.0,1.0,1.0,1.0,1.0,2.0,5504.0,1.4007040550781469e-05,-0.31550802139037437,moderate,lower among illicit-labeled,14,7.003520275390735e-05
in_degree,147,471,1.0,0.0,1.0,1.0,0.0,1.0,30547.0,0.017454329193582502,-0.11761052616375633,small,lower among illicit-labeled,15,0.034908658387165004
out_degree,147,471,1.0,0.0,1.0,1.0,1.0,2.0,25567.5,1.9538034453124612e-07,-0.2614498028510768,small,lower among illicit-labeled,15,9.769017226562305e-07
pagerank_relative,147,471,0.40334653854370117,0.28304991126060486,0.5236431956291199,0.5236431956291199,0.28304991126060486,0.968629002571106,26500.0,1.2670896467170678e-05,-0.23451334238052368,small,lower among illicit-labeled,15,3.8012689401512034e-05
clustering,147,471,0.0,0.0,0.0,0.0,0.0,0.0,33369.0,0.01966686360538006,-0.03609341382980347,negligible,lower among illicit-labeled,15,0.034908658387165004
k_core,147,471,1.0,1.0,1.0,1.0,1.0,2.0,26889.0,2.1938490651802974e-07,-0.22327657177520688,small,lower among illicit-labeled,15,9.769017226562305e-07
in_degree,128,402,1.0,1.0,1.0,1.0,0.0,1.0,26152.0,0.7531843761634914,0.016480099502487633,negligible,higher among illicit-labeled,16,0.7531843761634914
out_degree,128,402,1.0,0.0,1.0,1.0,0.0,2.0,20132.5,6.43728667328526e-05,-0.2174867848258707,small,lower among illicit-labeled,16,0.0002574914669314104
pagerank_relative,128,402,0.40455058217048645,0.3172908425331116,0.5252060294151306,0.5013390183448792,0.2838951349258423,0.8742161989212036,22541.0,0.03219877928495407,-0.12387281656265259,small,lower among illicit-labeled,16,0.09659633785486221
clustering,128,402,0.0,0.0,0.0,0.0,0.0,0.0,24960.0,0.048390474170446396,-0.02985072135925293,negligible,lower among illicit-labeled,16,0.09678094834089279
k_core,128,402,1.0,1.0,1.0,1.0,1.0,2.0,20816.0,2.2977402469572135e-05,-0.1909203980099502,small,lower among illicit-labeled,16,0.00011488701234786068
in_degree,99,712,1.0,1.0,1.0,1.0,0.0,1.0,35085.5,0.9373198232807277,-0.0044972193848598074,negligible,lower among illicit-labeled,17,0.9373198232807277
out_degree,99,712,0.0,0.0,1.0,1.0,1.0,2.0,16820.0,1.4891545575241822e-19,-0.522755646351152,large,lower among illicit-labeled,17,7.445772787620911e-19
pagerank_relative,99,712,0.5932462215423584,0.4752736985683441,0.7701795697212219,0.7191648483276367,0.41631293296813965,1.2213612794876099,29645.0,0.009282286278903484,-0.15886390209197998,small,lower among illicit-labeled,17,0.027846858836710453
clustering,99,712,0.0,0.0,0.0,0.0,0.0,0.0,33660.0,0.031580787152051926,-0.044943809509277344,negligible,lower among illicit-labeled,17,0.06316157430410385
k_core,99,712,1.0,1.0,1.0,1.0,1.0,2.0,22252.5,3.997021981231389e-12,-0.36861593462717057,moderate,lower among illicit-labeled,17,1.5988087924925555e-11
in_degree,52,337,1.0,1.0,1.0,1.0,0.0,1.0,9292.0,0.4523222794776456,0.060488472951381045,negligible,higher among illicit-labeled,18,0.9046445589552912
out_degree,52,337,1.0,0.0,1.0,1.0,1.0,2.0,5937.5,5.744179808645914e-05,-0.3223579091531614,moderate,lower among illicit-labeled,18,0.0002872089904322957
pagerank_relative,52,337,0.5043309926986694,0.39689207077026367,0.6547454595565796,0.5043309926986694,0.3539164960384369,0.9555743932723999,8433.0,0.6518228650093079,-0.0375484824180603,negligible,lower among illicit-labeled,18,0.9046445589552912
clustering,52,337,0.0,0.0,0.0,0.0,0.0,0.0,8424.0,0.15090101957321167,-0.03857564926147461,negligible,lower among illicit-labeled,18,0.452703058719635
k_core,52,337,1.0,1.0,1.0,1.0,1.0,2.0,7107.5,0.005674604386671213,-0.1888267518831317,small,lower among illicit-labeled,18,0.022698417546684852
in_degree,80,665,1.0,1.0,1.0,1.0,0.0,1.0,25710.0,0.6007138347459449,-0.0334586466165413,negligible,lower among illicit-labeled,19,1.0
out_degree,80,665,1.0,1.0,1.0,1.0,1.0,2.0,21100.0,0.0011048542260969566,-0.20676691729323304,small,lower among illicit-labeled,19,0.004419416904387827
pagerank_relative,80,665,0.6018435955047607,0.4695913791656494,0.6953125,0.5291138887405396,0.329537570476532,0.9457743167877197,26651.0,0.9774434566497803,0.0019172430038452148,negligible,higher among illicit-labeled,19,1.0
clustering,80,665,0.0,0.0,0.0,0.0,0.0,0.0,25720.0,0.09912357479333878,-0.03308272361755371,negligible,lower among illicit-labeled,19,0.2973707243800163
k_core,80,665,1.0,1.0,1.0,1.0,1.0,2.0,17472.5,4.2771828910569835e-09,-0.3431390977443609,moderate,lower among illicit-labeled,19,2.1385914455284917e-08
in_degree,260,640,1.0,0.0,1.0,1.0,0.0,1.0,76826.0,0.05012363251298305,-0.07661057692307693,negligible,lower among illicit-labeled,20,0.0993548184633255
out_degree,260,640,1.0,0.0,1.0,1.0,0.0,2.0,62530.0,2.1848248528325628e-10,-0.24843749999999998,small,lower among illicit-labeled,20,8.739299411330251e-10
pagerank_relative,260,640,0.5552557110786438,0.3948695659637451,0.7305052280426025,0.5626873970031738,0.3948695659637451,1.0889885425567627,76387.5,0.04967740923166275,-0.08188098669052124,negligible,lower among illicit-labeled,20,0.0993548184633255
clustering,260,640,0.0,0.0,0.0,0.0,0.0,0.0,78650.0,0.00012166523811174557,-0.0546875,negligible,lower among illicit-labeled,20,0.0003649957143352367
k_core,260,640,1.0,1.0,1.0,1.0,1.0,2.0,63304.0,1.0336636052122102e-12,-0.23913461538461533,small,lower among illicit-labeled,20,5.1683180260610506e-12
in_degree,100,541,1.0,1.0,1.0,1.0,0.0,1.0,27033.0,0.9917314145250691,-0.0006284658040665025,negligible,lower among illicit-labeled,21,0.9917314145250691
out_degree,100,541,1.0,0.0,1.0,1.0,0.0,1.0,24340.0,0.08821608717745429,-0.10018484288354901,small,lower among illicit-labeled,21,0.17643217435490857
pagerank_relative,100,541,0.6622635722160339,0.4935407340526581,0.8092910051345825,0.48063379526138306,0.4124661982059479,0.9120609164237976,30712.0,0.027856796979904175,0.13537895679473877,small,higher among illicit-labeled,21,0.1114271879196167
clustering,100,541,0.0,0.0,0.0,0.0,0.0,0.0,25706.0,0.05663832649588585,-0.049685776233673096,negligible,lower among illicit-labeled,21,0.16991497948765755
k_core,100,541,1.0,1.0,1.0,1.0,1.0,2.0,20422.0,5.578983156986037e-07,-0.24502772643253234,small,lower among illicit-labeled,21,2.7894915784930184e-06
in_degree,158,1605,1.0,1.0,1.0,1.0,1.0,2.0,106187.5,0.00030338698312446096,-0.1625261248471943,small,lower among illicit-labeled,22,0.0006067739662489219
out_degree,158,1605,1.0,0.0,1.0,1.0,0.0,1.0,113970.5,0.021321062596278993,-0.10114357821680664,small,lower among illicit-labeled,22,0.021321062596278993
pagerank_relative,158,1605,0.6491611003875732,0.5034618377685547,0.7930763363838196,0.4050951600074768,0.359361469745636,0.8159381151199341,151716.0,3.9357251807814464e-05,0.19654560089111328,small,higher among illicit-labeled,22,0.00015742900723125786
clustering,158,1605,0.0,0.0,0.0,0.0,0.0,0.0,114435.5,0.00010350593947805464,-0.09747624397277832,negligible,lower among illicit-labeled,22,0.00031051781843416393
k_core,158,1605,1.0,1.0,1.0,2.0,1.0,2.0,89046.5,1.2525129059280526e-12,-0.2977128435663867,small,lower among illicit-labeled,22,6.262564529640263e-12
in_degree,53,1134,1.0,1.0,1.0,1.0,0.0,1.0,28361.0,0.4442101925645706,-0.05623772919370407,negligible,lower among illicit-labeled,23,1.0
out_degree,53,1134,0.0,0.0,1.0,1.0,0.0,2.0,23530.5,0.004761877263812091,-0.21698113207547165,small,lower among illicit-labeled,23,0.019047509055248366
pagerank_relative,53,1134,0.5797401666641235,0.47801247239112854,0.7793940305709839,0.5169944763183594,0.3610665202140808,0.8901321291923523,32075.0,0.40297815203666687,0.06735217571258545,negligible,higher among illicit-labeled,23,1.0
clustering,53,1134,0.0,0.0,0.0,0.0,0.0,0.0,30081.0,0.957761824131012,0.0009982585906982422,negligible,higher among illicit-labeled,23,1.0
k_core,53,1134,1.0,1.0,1.0,1.0,1.0,2.0,19414.5,2.7833322017326325e-07,-0.3539482879105521,moderate,lower among illicit-labeled,23,1.3916661008663163e-06
in_degree,137,989,1.0,1.0,1.0,1.0,0.0,2.0,62822.0,0.14351339943001934,-0.07269010207169369,negligible,lower among illicit-labeled,24,0.430540198290058
out_degree,137,989,1.0,1.0,1.0,1.0,1.0,2.0,62008.5,0.07971597216814652,-0.0846981024849992,negligible,lower among illicit-labeled,24,0.3188638886725861
pagerank_relative,137,989,1.1751093864440918,0.6104406118392944,1.6119074821472168,0.6696417331695557,0.34174224734306335,1.2143852710723877,83558.5,7.596122486575041e-06,0.23339951038360596,small,higher among illicit-labeled,24,3.7980612432875205e-05
clustering,137,989,0.0,0.0,0.0,0.0,0.0,0.0,66154.0,0.19776149094104767,-0.023506760597229004,negligible,lower among illicit-labeled,24,0.430540198290058
k_core,137,989,1.0,1.0,2.0,1.0,1.0,2.0,63616.0,0.18079905248174022,-0.06096993940646378,negligible,lower among illicit-labeled,24,0.430540198290058
in_degree,118,476,1.0,0.0,1.0,1.0,0.0,1.0,26119.5,0.1732539046803896,-0.06995086170061249,negligible,lower among illicit-labeled,25,0.3425906300544739
out_degree,118,476,1.0,1.0,1.0,1.0,0.0,1.0,31792.0,0.016102488745716133,0.13203247400655171,small,higher among illicit-labeled,25,0.0483074662371484
pagerank_relative,118,476,0.6025574207305908,0.42284831404685974,0.7822665572166443,0.4372250437736511,0.42284831404685974,0.6789330244064331,32936.0,0.0032401271164417267,0.17276740074157715,small,higher among illicit-labeled,25,0.013753524170516345
clustering,118,476,0.0,0.0,0.0,0.0,0.0,0.0,27231.0,0.17129531502723694,-0.03037315607070923,negligible,lower among illicit-labeled,25,0.3425906300544739
k_core,118,476,1.0,1.0,1.0,1.0,1.0,1.0,24578.5,0.002750704834103269,-0.12482196268337842,small,lower among illicit-labeled,25,0.013753524170516345
in_degree,96,421,1.0,1.0,1.0,1.0,0.0,1.0,25767.5,4.625012557418945e-06,0.27511381631037213,small,higher among illicit-labeled,26,1.5360729857253114e-05
out_degree,96,421,1.0,0.0,1.0,1.0,0.0,1.0,14550.0,3.072145971450623e-06,-0.27998812351543945,small,lower among illicit-labeled,26,1.5360729857253114e-05
pagerank_relative,96,421,0.6960199475288391,0.522064208984375,0.9710441827774048,0.41842254996299744,0.376226007938385,0.8857626914978027,26163.5,3.62952823707019e-06,0.29471004009246826,small,higher among illicit-labeled,26,1.5360729857253114e-05
clustering,96,421,0.0,0.0,0.0,0.0,0.0,0.0,19704.0,0.2650388479232788,-0.0249406099319458,negligible,lower among illicit-labeled,26,0.2650388479232788
k_core,96,421,1.0,1.0,1.0,1.0,1.0,1.0,17754.0,0.0035243012380523527,-0.12143705463182897,small,lower among illicit-labeled,26,0.007048602476104705
in_degree,24,182,1.0,1.0,1.0,1.0,0.0,1.0,2213.5,0.9035352027366854,0.01350732600732596,negligible,higher among illicit-labeled,27,1.0
out_degree,24,182,0.0,0.0,1.0,0.0,0.0,1.0,2120.0,0.7900537504273855,-0.02930402930402931,negligible,lower among illicit-labeled,27,1.0
pagerank_relative,24,182,0.5292678475379944,0.48914167284965515,0.595750093460083,0.4218100607395172,0.41806942224502563,0.4356621205806732,2926.5,0.004742473363876343,0.33997249603271484,moderate,higher among illicit-labeled,27,0.023712366819381714
clustering,24,182,0.0,0.0,0.0,0.0,0.0,0.0,2088.0,0.2986222505569458,-0.04395604133605957,negligible,lower among illicit-labeled,27,0.8958667516708374
k_core,24,182,1.0,1.0,1.0,1.0,1.0,1.0,1983.5,0.1984298531399724,-0.09180402930402931,negligible,lower among illicit-labeled,27,0.7937194125598896
in_degree,85,199,0.0,0.0,0.0,1.0,0.0,1.0,4150.0,1.188863053771739e-13,-0.5093112621933196,large,lower among illicit-labeled,28,5.944315268858695e-13
out_degree,85,199,1.0,1.0,1.0,1.0,0.0,1.0,9637.0,0.03286438610756653,0.1394620159621638,small,higher among illicit-labeled,28,0.06572877221513306
pagerank_relative,85,199,0.32706207036972046,0.32706207036972046,0.32706207036972046,0.4660637378692627,0.32706207036972046,0.9264034032821655,4183.5,1.7712627154928273e-12,-0.5053502917289734,large,lower among illicit-labeled,28,7.085050861971309e-12
clustering,85,199,0.0,0.0,0.0,0.0,0.0,0.0,8415.0,0.5183653235435486,-0.005025148391723633,negligible,lower among illicit-labeled,28,0.5183653235435486
k_core,85,199,1.0,1.0,1.0,1.0,1.0,1.0,7240.5,0.0017991618090901363,-0.14389595033993496,small,lower among illicit-labeled,28,0.005397485427270409
in_degree,329,845,1.0,1.0,1.0,1.0,0.0,1.0,140825.0,0.6894739219166228,0.013111274977068765,negligible,higher among illicit-labeled,29,0.6894739219166228
out_degree,329,845,1.0,1.0,1.0,1.0,1.0,1.0,131504.5,0.09421315843372244,-0.05394147587273612,negligible,lower among illicit-labeled,29,0.18842631686744488
pagerank_relative,329,845,1.2401108741760254,0.4447830021381378,1.9125471115112305,0.6186087131500244,0.3343825042247772,1.1993353366851807,176137.5,5.95406319733871e-13,0.2671535015106201,small,higher among illicit-labeled,29,2.977031598669355e-12
clustering,329,845,0.0,0.0,0.0,0.0,0.0,0.0,137522.0,0.06042248010635376,-0.010650873184204102,negligible,lower among illicit-labeled,29,0.18126744031906128
k_core,329,845,1.0,1.0,2.0,1.0,1.0,2.0,150749.5,0.007315059869940404,0.08450927141598163,negligible,higher among illicit-labeled,29,0.029260239479761616
in_degree,83,441,1.0,1.0,1.0,1.0,0.0,1.0,20257.0,0.08666205569483566,0.10684916536895872,small,higher among illicit-labeled,30,0.259986167084507
out_degree,83,441,1.0,0.0,1.0,1.0,1.0,1.0,12717.0,7.270879240069274e-07,-0.3051389230390952,moderate,lower among illicit-labeled,30,3.635439620034637e-06
pagerank_relative,83,441,0.4874957799911499,0.4036739766597748,0.632889449596405,0.4874957799911499,0.3421020805835724,1.0883829593658447,17508.0,0.5205053091049194,-0.04335707426071167,negligible,lower among illicit-labeled,30,0.5205053091049194
clustering,83,441,0.0,0.0,0.0,0.0,0.0,0.0,17969.5,0.2174101620912552,-0.01814061403274536,negligible,lower among illicit-labeled,30,0.4348203241825104
k_core,83,441,1.0,1.0,1.0,1.0,1.0,1.0,16177.5,0.016617689756722082,-0.11605606097860832,small,lower among illicit-labeled,30,0.06647075902688833
in_degree,106,604,1.0,1.0,1.0,1.0,0.0,1.0,37272.0,0.0029826980310981486,0.16431338248156946,small,higher among illicit-labeled,31,0.008948094093294445
out_degree,106,604,1.0,0.0,1.0,1.0,0.0,1.0,31125.0,0.6148927365320209,-0.027708359365238078,negligible,lower among illicit-labeled,31,0.6148927365320209
pagerank_relative,106,604,0.7758231163024902,0.5212531685829163,1.9153070449829102,0.3897082209587097,0.3657909631729126,0.8088590502738953,45571.5,7.694684733133839e-13,0.4235755205154419,moderate,higher among illicit-labeled,31,3.847342366566919e-12
clustering,106,604,0.0,0.0,0.0,0.0,0.0,0.0,31323.0,0.12795685231685638,-0.02152317762374878,negligible,lower among illicit-labeled,31,0.25591370463371277
k_core,106,604,1.0,1.0,1.0,1.0,1.0,2.0,24552.0,8.443923583366184e-08,-0.23303761089591402,small,lower among illicit-labeled,31,3.3775694333464737e-07
in_degree,342,981,1.0,0.0,1.0,1.0,0.0,1.0,148353.0,0.0003227111066893175,-0.11563567430298483,small,lower among illicit-labeled,32,0.00129084442675727
out_degree,342,981,1.0,1.0,1.0,1.0,1.0,1.0,146457.5,7.320534952754699e-05,-0.1269351598500158,small,lower among illicit-labeled,32,0.00036602674763773496
pagerank_relative,342,981,0.7111057639122009,0.38438016176223755,1.2380075454711914,0.5477429628372192,0.38438016176223755,1.0378313064575195,177701.0,0.0981014221906662,0.05931413173675537,negligible,higher among illicit-labeled,32,0.1962028443813324
clustering,342,981,0.0,0.0,0.0,0.0,0.0,0.0,164956.0,0.046937618404626846,-0.01666158437728882,negligible,lower among illicit-labeled,32,0.14081285521388054
k_core,342,981,1.0,1.0,2.0,1.0,1.0,2.0,165349.0,0.6328727707327894,-0.014318841616443367,negligible,lower among illicit-labeled,32,0.6328727707327894
in_degree,23,418,1.0,0.5,1.0,1.0,1.0,1.0,4440.0,0.42480221257126327,-0.0763469939671313,negligible,lower among illicit-labeled,33,0.8496044251425265
out_degree,23,418,1.0,0.0,1.0,0.0,0.0,1.0,6199.0,0.005968324963226236,0.28957769918868315,small,higher among illicit-labeled,33,0.023873299852904945
pagerank_relative,23,418,0.3273623287677765,0.2929386794567108,0.3778260052204132,0.28095415234565735,0.2769438624382019,0.295488566160202,6229.0,0.016240647062659264,0.295818567276001,small,higher among illicit-labeled,33,0.04872194118797779
clustering,23,418,0.0,0.0,0.0,0.0,0.0,0.0,4853.0,0.8076260089874268,0.009569406509399414,negligible,higher among illicit-labeled,33,0.8496044251425265
k_core,23,418,1.0,1.0,2.0,1.0,1.0,1.0,5917.5,0.004351290258247226,0.2310172664863741,small,higher among illicit-labeled,33,0.021756451291236132
in_degree,37,478,1.0,1.0,1.0,1.0,0.0,1.0,9821.5,0.18366256421800253,0.1106524934976818,small,higher among illicit-labeled,34,0.3307566605875192
out_degree,37,478,1.0,0.0,1.0,1.0,0.0,1.0,7715.0,0.1653783302937596,-0.12755852086396025,small,lower among illicit-labeled,34,0.3307566605875192
pagerank_relative,37,478,0.7610554695129395,0.46755659580230713,0.951771080493927,0.46570634841918945,0.41138729453086853,0.7782472372055054,11107.0,0.008657272905111313,0.25602173805236816,small,higher among illicit-labeled,34,0.043286364525556564
clustering,37,478,0.0,0.0,0.0,0.0,0.0,0.0,9347.0,0.04040807858109474,0.05699419975280762,negligible,higher among illicit-labeled,34,0.12122423574328423
k_core,37,478,1.0,1.0,1.0,1.0,1.0,2.0,7172.5,0.011441603966795649,-0.1889064797014588,small,lower among illicit-labeled,34,0.045766415867182594
in_degree,182,1159,1.0,1.0,1.0,1.0,0.0,1.0,104841.5,0.8818125269347923,-0.00594961552683726,negligible,lower among illicit-labeled,35,0.8818125269347923
out_degree,182,1159,0.0,0.0,1.0,1.0,1.0,1.0,67588.5,1.3222236310901298e-17,-0.35916240791132936,moderate,lower among illicit-labeled,35,6.611118155450648e-17
pagerank_relative,182,1159,0.5381318926811218,0.4425028860569,0.6986282467842102,0.5381318926811218,0.3776354491710663,1.2187389135360718,99655.0,0.22658418118953705,-0.05512517690658569,negligible,lower among illicit-labeled,35,0.4531683623790741
clustering,182,1159,0.0,0.0,0.0,0.0,0.0,0.0,98553.0,0.000380442215828225,-0.06557375192642212,negligible,lower among illicit-labeled,35,0.001141326647484675
k_core,182,1159,1.0,1.0,1.0,1.0,1.0,2.0,77266.5,2.3906550311624016e-12,-0.2674008476424352,small,lower among illicit-labeled,35,9.562620124649607e-12
in_degree,33,1675,1.0,1.0,1.0,1.0,0.0,1.0,34300.5,0.009154136978176804,0.24108548168249655,small,higher among illicit-labeled,36,0.018308273956353607
out_degree,33,1675,0.0,0.0,0.0,1.0,1.0,1.0,6420.0,2.240485745121934e-18,-0.7677069199457259,large,lower among illicit-labeled,36,1.120242872560967e-17
pagerank_relative,33,1675,0.6232693195343018,0.42307165265083313,1.0322189331054688,0.35304391384124756,0.3489246368408203,0.7214516997337341,37893.5,0.0001575969363329932,0.3710900545120239,moderate,higher among illicit-labeled,36,0.0006303877453319728
clustering,33,1675,0.0,0.0,0.0,0.0,0.0,0.0,27043.5,0.39523571729660034,-0.02149254083633423,negligible,lower among illicit-labeled,36,0.39523571729660034
k_core,33,1675,1.0,1.0,1.0,1.0,1.0,2.0,20216.5,0.0014672564482917645,-0.2685119855269109,small,lower among illicit-labeled,36,0.004401769344875293
in_degree,40,458,0.5,0.0,1.0,1.0,0.0,1.0,7816.5,0.07943793835227513,-0.1466703056768559,small,lower among illicit-labeled,37,0.23831381505682536
out_degree,40,458,1.0,0.0,1.0,1.0,1.0,1.0,7242.0,0.01395450418217517,-0.20938864628820963,small,lower among illicit-labeled,37,0.05581801672870068
pagerank_relative,40,458,0.34225642681121826,0.31544363498687744,0.41599154472351074,0.368144690990448,0.31544363498687744,1.2291415929794312,6966.0,0.009956186637282372,-0.2395196557044983,small,lower among illicit-labeled,37,0.04978093318641186
clustering,40,458,0.0,0.0,0.0,0.0,0.0,0.0,9007.5,0.6086763739585876,-0.016648471355438232,negligible,lower among illicit-labeled,37,1.0
k_core,40,458,1.0,1.0,1.0,1.0,1.0,1.0,8971.0,0.7376371110152,-0.020633187772925776,negligible,lower among illicit-labeled,37,1.0
in_degree,111,645,1.0,1.0,1.0,1.0,0.0,1.0,41942.0,0.0008861259699410263,0.17164606466932053,small,higher among illicit-labeled,38,0.0035445038797641054
out_degree,111,645,1.0,0.0,1.0,1.0,1.0,1.0,21602.0,2.347905147778401e-14,-0.3965500384105035,moderate,lower among illicit-labeled,38,1.1739525738892004e-13
pagerank_relative,111,645,0.4605332016944885,0.3428024649620056,0.5978857278823853,0.5978857278823853,0.3231806755065918,1.2780429124832153,32391.5,0.10394338518381119,-0.0951462984085083,negligible,lower among illicit-labeled,38,0.10394338518381119
clustering,111,645,0.0,0.0,0.0,0.0,0.0,0.0,34132.5,0.020569883286952972,-0.04651165008544922,negligible,lower among illicit-labeled,38,0.041139766573905945
k_core,111,645,1.0,1.0,1.0,1.0,1.0,1.0,31877.5,0.01211520750042964,-0.10950485369090024,small,lower among illicit-labeled,38,0.03634562250128892
in_degree,81,1102,1.0,0.0,1.0,1.0,0.0,1.0,38908.5,0.01983013795449436,-0.12821805471533243,small,lower among illicit-labeled,39,0.03966027590898872
out_degree,81,1102,0.0,0.0,1.0,1.0,1.0,1.0,26778.5,3.7555456656440466e-13,-0.40000224059510203,moderate,lower among illicit-labeled,39,1.8777728328220234e-12
pagerank_relative,81,1102,0.3976929783821106,0.3633742034435272,0.47765618562698364,0.8267703056335449,0.3633742034435272,1.5773983001708984,26695.5,1.0838142605607004e-09,-0.40186190605163574,moderate,lower among illicit-labeled,39,4.335257042242802e-09
clustering,81,1102,0.0,0.0,0.0,0.0,0.0,0.0,43051.5,0.08540890365839005,-0.03539019823074341,negligible,lower among illicit-labeled,39,0.08540890365839005
k_core,81,1102,1.0,1.0,1.0,1.0,1.0,1.0,34465.5,1.4122249857430164e-06,-0.22776769509981853,small,lower among illicit-labeled,39,4.236674957229049e-06
in_degree,112,1099,1.0,0.0,1.0,1.0,0.0,1.0,60668.0,0.7898169051933729,-0.01423371896529313,negligible,lower among illicit-labeled,40,0.7898169051933729
out_degree,112,1099,1.0,0.0,1.0,1.0,1.0,1.0,49418.5,0.00018626253433437528,-0.19702164305212533,small,lower among illicit-labeled,40,0.0007450501373375011
pagerank_relative,112,1099,0.4866023659706116,0.36217737197875977,0.6738488078117371,0.3724392056465149,0.36217737197875977,0.8008724451065063,66031.0,0.19164906442165375,0.0729072093963623,negligible,higher among illicit-labeled,40,0.3832981288433075
clustering,112,1099,0.0,0.0,0.0,0.0,0.0,0.0,58319.0,0.021892422810196877,-0.05240154266357422,negligible,lower among illicit-labeled,40,0.06567726843059063
k_core,112,1099,1.0,1.0,1.0,1.0,1.0,2.0,49147.0,2.8387364606949133e-05,-0.20143312101910826,small,lower among illicit-labeled,40,0.00014193682303474567
in_degree,116,1016,1.0,1.0,1.0,1.0,0.0,1.0,72096.5,1.0912762045960383e-05,0.22346762150420862,small,higher among illicit-labeled,41,3.273828613788115e-05
out_degree,116,1016,0.0,0.0,1.0,1.0,1.0,1.0,23220.0,5.696671827133426e-33,-0.6059598153679067,large,lower among illicit-labeled,41,2.848335913566713e-32
pagerank_relative,116,1016,0.5800231099128723,0.4420875608921051,0.7530133128166199,0.4934995472431183,0.40703293681144714,1.0471011400222778,63025.0,0.20888450741767883,0.06952548027038574,negligible,higher among illicit-labeled,41,0.20888450741767883
clustering,116,1016,0.0,0.0,0.0,0.0,0.0,0.0,55158.0,0.0050675952807068825,-0.06397640705108643,negligible,lower among illicit-labeled,41,0.010135190561413765
k_core,116,1016,1.0,1.0,1.0,1.0,1.0,2.0,43113.5,1.4179315325946289e-08,-0.2683698751018192,small,lower among illicit-labeled,41,5.6717261303785155e-08
in_degree,239,1915,1.0,1.0,1.0,1.0,0.0,1.0,232729.5,0.6152089701283705,0.01698548128079347,negligible,higher among illicit-labeled,42,1.0
out_degree,239,1915,1.0,0.0,1.0,1.0,0.0,1.0,214915.0,0.10014177170648518,-0.060860635589980006,negligible,lower among illicit-labeled,42,0.3004253151194555
pagerank_relative,239,1915,0.6440483331680298,0.4863567352294922,0.8247838020324707,0.43265682458877563,0.40111851692199707,0.7420713901519775,286988.0,1.035557473105797e-10,0.2540851831436157,small,higher among illicit-labeled,42,5.177787365528985e-10
clustering,239,1915,0.0,0.0,0.0,0.0,0.0,0.0,217012.0,0.00032263141474686563,-0.05169713497161865,negligible,lower among illicit-labeled,42,0.0012905256589874625
k_core,239,1915,1.0,1.0,2.0,1.0,1.0,2.0,223984.5,0.519900888778779,-0.02122857423773994,negligible,lower among illicit-labeled,42,1.0
in_degree,24,1346,0.0,0.0,1.0,1.0,0.0,2.0,13796.0,0.19462009569143024,-0.14586428925210504,small,lower among illicit-labeled,43,0.9509769542174523
out_degree,24,1346,1.0,1.0,1.25,1.0,1.0,1.0,16809.0,0.683095284193108,0.04067607726597333,negligible,higher among illicit-labeled,43,1.0
pagerank_relative,24,1346,0.312236487865448,0.312236487865448,0.8292774558067322,0.3234754204750061,0.312236487865448,0.62055504322052,15227.5,0.617705762386322,-0.05723750591278076,negligible,lower among illicit-labeled,43,1.0
clustering,24,1346,0.0,0.0,0.0,0.0,0.0,0.0,15492.0,0.3127943277359009,-0.04086178541183472,negligible,lower among illicit-labeled,43,0.9509769542174523
k_core,24,1346,1.0,1.0,2.0,1.0,1.0,2.0,13909.5,0.19019539084349046,-0.13883729569093606,small,lower among illicit-labeled,43,0.9509769542174523
in_degree,24,1567,0.0,0.0,1.0,1.0,0.0,1.0,14345.5,0.0255518324493276,-0.23710380770048922,small,lower among illicit-labeled,44,0.1022073297973104
out_degree,24,1567,1.0,1.0,2.0,1.0,1.0,1.0,19775.5,0.6230653825247818,0.05166453945968952,negligible,higher among illicit-labeled,44,1.0
pagerank_relative,24,1567,0.37829920649528503,0.37829920649528503,0.8425503969192505,0.6998574137687683,0.37829920649528503,1.222029685974121,13453.0,0.015618229284882545,-0.28456711769104004,small,lower among illicit-labeled,44,0.07809114642441273
clustering,24,1567,0.0,0.0,0.0,0.0,0.0,0.0,18993.5,0.7773998379707336,0.010077595710754395,negligible,higher among illicit-labeled,44,1.0
k_core,24,1567,1.0,1.0,2.0,1.0,1.0,2.0,20606.0,0.3375161717940721,0.09583067432461179,negligible,higher among illicit-labeled,44,1.0
in_degree,5,1216,0.0,0.0,1.0,0.0,0.0,1.0,2923.5,0.8696224662755032,-0.03832236842105263,negligible,lower among illicit-labeled,45,1.0
out_degree,5,1216,1.0,1.0,1.0,1.0,1.0,2.0,2652.5,0.5902728809332879,-0.12746710526315785,small,lower among illicit-labeled,45,1.0
pagerank_relative,5,1216,0.3621194660663605,0.3621194660663605,0.5160205364227295,0.3621194660663605,0.3621194660663605,0.6699215769767761,2836.5,0.7798908352851868,-0.0669407844543457,negligible,lower among illicit-labeled,45,1.0
clustering,5,1216,0.0,0.0,0.0,0.0,0.0,0.0,2835.0,0.5491665005683899,-0.06743419170379639,negligible,lower among illicit-labeled,45,1.0
k_core,5,1216,1.0,1.0,1.0,1.0,1.0,2.0,2190.0,0.16973373310912487,-0.2796052631578947,small,lower among illicit-labeled,45,0.8486686655456244
in_degree,2,710,22.5,11.25,33.75,1.0,0.0,1.0,814.5,0.6887404148025122,0.1471830985915492,small,higher among illicit-labeled,46,1.0
out_degree,2,710,0.5,0.25,0.75,1.0,0.0,1.0,600.5,0.6844109018745634,-0.15422535211267607,small,lower among illicit-labeled,46,1.0
pagerank_relative,2,710,6.667086601257324,3.558722972869873,9.775449752807617,0.4916725158691406,0.4503598213195801,0.6332560181617737,813.5,0.718395471572876,0.14577460289001465,small,higher among illicit-labeled,46,1.0
clustering,2,710,0.002020202111452818,0.001010101055726409,0.003030303167179227,0.0,0.0,0.0,1047.0,7.727948832325637e-05,0.4746478796005249,moderate,higher among illicit-labeled,46,0.00038639744161628187
k_core,2,710,1.5,1.25,1.75,1.0,1.0,1.0,910.5,0.3295123334167277,0.28239436619718306,small,higher among illicit-labeled,46,1.0
in_degree,22,824,0.5,0.0,1.0,1.0,0.0,1.0,9173.0,0.91725072077167,0.012025595763459851,negligible,higher among illicit-labeled,47,1.0
out_degree,22,824,1.0,1.0,2.0,1.0,1.0,2.0,9781.5,0.4973636994639459,0.07915931156222422,negligible,higher among illicit-labeled,47,1.0
pagerank_relative,22,824,0.45306241512298584,0.4095473885536194,0.8251176476478577,0.4385574162006378,0.4095473885536194,0.9056210517883301,8838.5,0.8326181769371033,-0.024878621101379395,negligible,lower among illicit-labeled,47,1.0
clustering,22,824,0.0,0.0,0.0,0.0,0.0,0.0,9369.5,0.5171722769737244,0.03370475769042969,negligible,higher among illicit-labeled,47,1.0
k_core,22,824,2.0,1.0,2.0,1.0,1.0,2.0,11234.0,0.026673906743815343,0.23940864960282426,small,higher among illicit-labeled,47,0.13336953371907673
in_degree,36,435,0.0,0.0,0.0,1.0,0.0,1.0,2826.0,2.05007669926032e-12,-0.639080459770115,large,lower among illicit-labeled,48,1.0250383496301601e-11
out_degree,36,435,1.0,1.0,1.0,1.0,0.0,1.0,9720.0,0.00852419011259592,0.24137931034482762,small,higher among illicit-labeled,48,0.01704838022519184
pagerank_relative,36,435,0.3916473686695099,0.3916473686695099,0.3916473686695099,0.39596274495124817,0.3916473686695099,0.5580980181694031,2826.0,3.5493812750031495e-11,-0.6390804648399353,large,lower among illicit-labeled,48,1.4197525100012598e-10
clustering,36,435,0.0,0.0,0.0,0.0,0.0,0.0,7218.0,0.08245920389890671,-0.07816094160079956,negligible,lower among illicit-labeled,48,0.08245920389890671
k_core,36,435,1.0,1.0,1.0,1.0,1.0,1.0,6084.0,0.0015696698932653266,-0.22298850574712648,small,lower among illicit-labeled,48,0.00470900967979598
in_degree,56,420,0.0,0.0,0.0,1.0,0.0,1.0,5931.5,3.2630663710722716e-11,-0.4956207482993197,moderate,lower among illicit-labeled,49,1.3052265484289087e-10
out_degree,56,420,1.0,1.0,1.0,1.0,1.0,1.0,11242.5,0.522249922362765,-0.04400510204081631,negligible,lower among illicit-labeled,49,0.522249922362765
pagerank_relative,56,420,0.358647882938385,0.358647882938385,0.358647882938385,0.5110734105110168,0.358647882938385,1.678884744644165,5516.0,1.1859504697731005e-11,-0.5309523940086365,large,lower among illicit-labeled,49,5.929752348865502e-11
clustering,56,420,0.0,0.0,0.0,0.0,0.0,0.0,11228.0,0.10507846623659134,-0.04523807764053345,negligible,lower among illicit-labeled,49,0.21015693247318268
k_core,56,420,1.0,1.0,1.0,1.0,1.0,1.0,9999.5,0.007229565768468435,-0.14970238095238098,small,lower among illicit-labeled,49,0.021688697305405305
