feature,mean_pr_auc_decrease,standard_deviation,rank
feature_53,0.03437726143072617,0.004456690518440252,1
feature_59,0.015477485723594064,0.002024622184489683,2
feature_90,0.013801336725704627,0.00272951474266587,3
feature_3,0.011364000552693532,0.0007204832578387182,4
feature_125,0.006321409716697324,0.0006326654634343307,5
feature_18,0.005715917720575581,0.0005329665313524018,6
feature_127,0.004633056090819298,0.0005725159335083522,7
feature_9,0.0035671165931762117,0.0008126625559901667,8
feature_89,0.003471069490711165,0.0005991072363384666,9
feature_52,0.0034146962881232536,0.0005597887720434758,10
feature_80,0.002720516236201331,0.00047056697771142664,11
feature_161,0.0026068684171066,0.0010966540201032262,12
feature_163,0.002579714378909559,0.00048591237998890977,13
feature_121,0.002169207742768231,0.0008068775697596997,14
feature_102,0.0021037178124234225,0.00026477447795566155,15
feature_154,0.0019428260346409099,0.000406891238816295,16
feature_2,0.0018218808939403752,0.0010544005629513178,17
feature_83,0.0017272821001424131,0.0006657537938231885,18
feature_5,0.001672565808219084,0.0006330439687364255,19
feature_22,0.0013353626765839621,0.0002361383072283678,20
feature_91,0.0012646400945381497,0.0002711710874939947,21
feature_157,0.0010832652344182625,0.00041157505852229456,22
feature_132,0.001075811523298098,0.0009973540435203275,23
feature_159,0.0010062288489201654,0.0004804825505151241,24
feature_17,0.0009095571054442475,0.00019843238646358378,25
feature_23,0.0008504894810644981,0.0004568833089734833,26
feature_31,0.000840760442942945,0.0003646048795134503,27
feature_76,0.0008048711405285625,0.0003355985506756579,28
feature_152,0.0007889401376515393,0.0003006756356838567,29
feature_158,0.0007789456521390514,0.0004590831140269658,30
feature_151,0.0007435450294412726,0.00011996884768399236,31
feature_25,0.0007291677440390831,0.0003930751445001545,32
feature_106,0.0007207838515788323,0.0002284936215121821,33
feature_29,0.0007165100681800762,0.0007287751193651696,34
feature_24,0.0007135620742166448,0.0001840650199714835,35
feature_130,0.0006594408751797509,0.00016727630034086495,36
feature_96,0.000654807910366828,8.878071241762895e-05,37
feature_88,0.0006529303674259301,0.00032319285332497923,38
feature_1,0.0006397395852439702,0.0003773776462833829,39
feature_160,0.0006177879575824718,0.0002513268039282219,40
feature_54,0.0005810837648797529,0.00026669738075549006,41
feature_85,0.0005743618269341555,0.00026440069802717065,42
feature_148,0.0005699524794875677,0.00025560769253620257,43
feature_99,0.0005203906112106749,0.00016845096875347468,44
feature_77,0.0005170316953275522,0.00035360848348486574,45
feature_164,0.000507318819144964,0.0003173483797069644,46
feature_119,0.00044538600315930933,0.00018644940809305676,47
feature_10,0.00042946269438224325,0.00020741171789227873,48
feature_150,0.00042254934528340726,0.00017354711702849537,49
feature_115,0.00036482468323959514,0.0002619611379066923,50
feature_149,0.00036099005839702604,3.127095773290403e-05,51
feature_165,0.0003253406839774708,5.196070705428966e-05,52
feature_104,0.00031849179005845053,0.0001115369186370355,53
feature_138,0.0002980837941585879,0.00037089359977285553,54
feature_60,0.0002917365330403765,0.00013446612972232782,55
pagerank_relative,0.0002763065844367807,0.00013086868361082904,56
feature_122,0.0002247463009402706,1.4975563208179778e-05,57
feature_105,0.00020382612106086828,5.709650993154523e-05,58
feature_133,0.00017472327887415595,0.00028600316270627885,59
feature_113,0.00017163912298336914,8.814950661807193e-05,60
feature_156,0.0001360415488250055,0.000188606558040257,61
feature_140,0.00011299144680654294,0.0001094834710037727,62
feature_124,0.00010937070630996359,3.2189973091281774e-05,63
feature_126,8.432443664296851e-05,9.860890310771024e-05,64
feature_93,7.934742193651533e-05,0.0001013107941317751,65
feature_66,7.690731523082305e-05,0.00010002440286259656,66
feature_61,7.257532199105299e-05,0.0005753760055034105,67
feature_98,4.962393124499087e-05,0.00016028379260051142,68
feature_62,4.797313667164183e-05,8.907700838910956e-05,69
feature_56,3.652549331925048e-05,2.1851122912314185e-05,70
feature_45,3.393461212433113e-05,0.00010872769805697403,71
feature_135,3.099935415558086e-05,7.768228209698552e-05,72
feature_65,2.6935307054598567e-05,0.00048759813738275725,73
feature_123,2.531901821389848e-05,1.0389222814579002e-05,74
feature_147,1.9895377249268264e-05,9.833739538220791e-05,75
feature_162,1.972816609467909e-05,5.794134621908863e-05,76
feature_27,1.408461267979888e-05,4.227148141497499e-05,77
clustering,1.131117770754031e-05,3.582100130310553e-05,78
feature_100,9.920145466479902e-06,2.558886804337587e-05,79
feature_14,6.573882213145588e-06,0.00010191595112651734,80
feature_70,6.027211346570915e-06,3.3014443634893796e-06,81
feature_116,1.132736864750683e-06,2.4557390358632284e-07,82
feature_103,1.1024189974451205e-06,1.7271643421568315e-05,83
feature_21,0.0,0.0,84
feature_7,0.0,0.0,85
feature_63,0.0,0.0,86
feature_128,0.0,0.0,87
feature_129,0.0,0.0,88
feature_75,0.0,0.0,89
feature_69,0.0,0.0,90
feature_38,0.0,0.0,91
feature_39,0.0,0.0,92
feature_36,0.0,0.0,93
feature_15,0.0,0.0,94
feature_33,0.0,0.0,95
feature_35,-2.169374426097548e-07,1.6599810754448245e-05,96
feature_101,-8.468876733225272e-06,3.917882302731903e-05,97
feature_6,-9.19665800325209e-06,1.623761625508517e-05,98
feature_34,-9.83478397191817e-06,8.815210705311598e-06,99
in_degree,-1.656165303858259e-05,2.549104976966648e-05,100
feature_26,-1.715265793220677e-05,6.0298154395356395e-05,101
feature_30,-1.9554724144743575e-05,0.00017394652898773148,102
feature_131,-2.033185066931953e-05,0.0002568200716598189,103
out_degree,-2.427043248931504e-05,2.833431131302951e-05,104
feature_120,-2.6740682967285602e-05,7.680846909893452e-05,105
feature_86,-2.7772762312161527e-05,2.5085953060145365e-05,106
feature_37,-2.835563585035228e-05,3.7819827640723904e-05,107
feature_12,-3.155478963199343e-05,5.2424313765604554e-05,108
feature_141,-3.3732083064141884e-05,3.931818019102763e-05,109
feature_137,-3.438944672773392e-05,3.535998545581315e-06,110
feature_153,-4.217261251762139e-05,0.00010611545684840535,111
feature_136,-4.5542596939740496e-05,4.631892248932603e-06,112
feature_82,-4.801393514366481e-05,3.341470954272982e-05,113
feature_68,-5.568757894656162e-05,6.892744861244023e-05,114
feature_74,-6.422862953203712e-05,4.049960701421576e-05,115
feature_50,-6.942530846894001e-05,6.782719997280502e-05,116
feature_117,-7.021868934284914e-05,6.827159577318037e-05,117
feature_32,-7.269673208316618e-05,4.783579467925567e-05,118
feature_57,-8.33739705040415e-05,5.270529909736038e-05,119
feature_92,-8.489222059331336e-05,4.9463083667702666e-05,120
feature_78,-8.521031576709248e-05,0.00011001735723654596,121
feature_28,-8.704915248585188e-05,6.907087333134389e-05,122
feature_71,-8.728066547105672e-05,0.00019390749995777334,123
feature_139,-0.00010974663497453907,2.225554637922809e-05,124
feature_44,-0.00011102471434818462,4.393470493951582e-05,125
feature_81,-0.00011187975656243854,6.16003786743112e-05,126
feature_84,-0.00013745771359179314,0.00024311732844466526,127
feature_51,-0.0001404700387124702,3.9793329292933656e-05,128
feature_118,-0.0001479157961487898,8.271538095999465e-05,129
feature_87,-0.00015168434265806497,4.017334652522769e-05,130
feature_4,-0.0001559245530447173,0.00011313883450739316,131
feature_146,-0.00016964288537599793,0.00010961822531350794,132
feature_144,-0.00018368295976027847,0.00019085848464750092,133
feature_42,-0.00019834044886668512,6.726986950368002e-05,134
feature_134,-0.0002049672302252725,0.0001370889473276462,135
feature_95,-0.00022387251334319292,0.0003428253437299092,136
feature_109,-0.00023994035766705668,0.00012962097833251832,137
feature_64,-0.0002711082813501964,0.00040015018485321384,138
feature_155,-0.0002798947872788782,0.0002086848346842996,139
feature_107,-0.0002900345784882186,0.0001772623501059542,140
feature_111,-0.00030670278714179934,8.644935940988411e-05,141
feature_112,-0.0003364482805551683,0.00015938459652584341,142
feature_79,-0.0003381948863108164,0.00042285434465615747,143
feature_20,-0.00035892743092731384,0.00011419409073226942,144
k_core,-0.0003597214338378008,0.00013470870590723163,145
feature_110,-0.0004144367097298485,0.00010718501304102927,146
feature_13,-0.0004210534597511195,0.00022255994903821671,147
feature_40,-0.0004910159406317449,0.000209581974936339,148
feature_72,-0.0004947361885392132,0.0002115058706250055,149
feature_143,-0.000530909136273272,0.0003098709269651041,150
feature_46,-0.0005347189961680376,0.0006959893041542336,151
feature_142,-0.0005738056236623823,0.00026080156536960905,152
feature_97,-0.000581024700906041,0.0002505450723618201,153
feature_108,-0.000645157190554535,0.00013784199884522865,154
feature_19,-0.0006827744727518237,0.00030206149925906617,155
feature_114,-0.0007595099623248114,0.00015090524887610083,156
feature_43,-0.0008624755460383771,0.0004242654562831841,157
feature_94,-0.0008812949619617872,0.0002107590080876108,158
feature_58,-0.0009578872797673776,0.0009606454961579692,159
feature_48,-0.001222995728799181,0.00010688560709734842,160
feature_11,-0.0013199998591924222,0.0003106780568352947,161
feature_67,-0.0014312181806687362,0.000760814408012466,162
feature_145,-0.0015564032070425782,0.0004179121038580399,163
feature_55,-0.0017115229001921195,0.00032127556944314616,164
feature_73,-0.0018869524946493188,0.0006419536626889843,165
feature_47,-0.0021796745612076896,0.0003727636169351679,166
feature_49,-0.002180048819780289,0.00022776810997388687,167
feature_41,-0.002883620031932166,0.0003946844537865038,168
feature_8,-0.0031877698100177152,0.0005226211571179445,169
feature_16,-0.004776698882168385,0.0018316583111323457,170
