candidate_name,feature_set,trial,fold,fold_pr_auc,train_min_time,train_max_time,validation_min_time,validation_max_time,parameters
default_dataset_only,dataset_only,0,1,0.9955087895847118,1,10,11,15,"{""colsample_bytree"": 0.8, ""gamma"": 0.0, ""learning_rate"": 0.05, ""max_depth"": 6, ""min_child_weight"": 1, ""n_estimators"": 250, ""reg_alpha"": 0.0, ""reg_lambda"": 1.0, ""subsample"": 0.8}"
default_dataset_only,dataset_only,0,2,0.973641418537057,1,15,16,20,"{""colsample_bytree"": 0.8, ""gamma"": 0.0, ""learning_rate"": 0.05, ""max_depth"": 6, ""min_child_weight"": 1, ""n_estimators"": 250, ""reg_alpha"": 0.0, ""reg_lambda"": 1.0, ""subsample"": 0.8}"
default_dataset_only,dataset_only,0,3,0.8642053661505448,1,20,21,25,"{""colsample_bytree"": 0.8, ""gamma"": 0.0, ""learning_rate"": 0.05, ""max_depth"": 6, ""min_child_weight"": 1, ""n_estimators"": 250, ""reg_alpha"": 0.0, ""reg_lambda"": 1.0, ""subsample"": 0.8}"
default_dataset_only,dataset_only,0,4,0.9852392672249608,1,25,26,30,"{""colsample_bytree"": 0.8, ""gamma"": 0.0, ""learning_rate"": 0.05, ""max_depth"": 6, ""min_child_weight"": 1, ""n_estimators"": 250, ""reg_alpha"": 0.0, ""reg_lambda"": 1.0, ""subsample"": 0.8}"
default_combined,combined,0,1,0.9952091041497103,1,10,11,15,"{""colsample_bytree"": 0.8, ""gamma"": 0.0, ""learning_rate"": 0.05, ""max_depth"": 6, ""min_child_weight"": 1, ""n_estimators"": 250, ""reg_alpha"": 0.0, ""reg_lambda"": 1.0, ""subsample"": 0.8}"
default_combined,combined,0,2,0.9735356862804353,1,15,16,20,"{""colsample_bytree"": 0.8, ""gamma"": 0.0, ""learning_rate"": 0.05, ""max_depth"": 6, ""min_child_weight"": 1, ""n_estimators"": 250, ""reg_alpha"": 0.0, ""reg_lambda"": 1.0, ""subsample"": 0.8}"
default_combined,combined,0,3,0.8638275572617432,1,20,21,25,"{""colsample_bytree"": 0.8, ""gamma"": 0.0, ""learning_rate"": 0.05, ""max_depth"": 6, ""min_child_weight"": 1, ""n_estimators"": 250, ""reg_alpha"": 0.0, ""reg_lambda"": 1.0, ""subsample"": 0.8}"
default_combined,combined,0,4,0.9845863892767884,1,25,26,30,"{""colsample_bytree"": 0.8, ""gamma"": 0.0, ""learning_rate"": 0.05, ""max_depth"": 6, ""min_child_weight"": 1, ""n_estimators"": 250, ""reg_alpha"": 0.0, ""reg_lambda"": 1.0, ""subsample"": 0.8}"
tuned_dataset_only,dataset_only,1,1,0.9952555478524456,1,10,11,15,"{""colsample_bytree"": 0.75, ""gamma"": 0.25, ""learning_rate"": 0.1, ""max_depth"": 4, ""min_child_weight"": 3, ""n_estimators"": 300, ""reg_alpha"": 1.0, ""reg_lambda"": 2.0, ""subsample"": 0.95}"
tuned_dataset_only,dataset_only,1,2,0.9753271257809447,1,15,16,20,"{""colsample_bytree"": 0.75, ""gamma"": 0.25, ""learning_rate"": 0.1, ""max_depth"": 4, ""min_child_weight"": 3, ""n_estimators"": 300, ""reg_alpha"": 1.0, ""reg_lambda"": 2.0, ""subsample"": 0.95}"
tuned_dataset_only,dataset_only,1,3,0.8642900964622652,1,20,21,25,"{""colsample_bytree"": 0.75, ""gamma"": 0.25, ""learning_rate"": 0.1, ""max_depth"": 4, ""min_child_weight"": 3, ""n_estimators"": 300, ""reg_alpha"": 1.0, ""reg_lambda"": 2.0, ""subsample"": 0.95}"
tuned_dataset_only,dataset_only,1,4,0.9862503153300783,1,25,26,30,"{""colsample_bytree"": 0.75, ""gamma"": 0.25, ""learning_rate"": 0.1, ""max_depth"": 4, ""min_child_weight"": 3, ""n_estimators"": 300, ""reg_alpha"": 1.0, ""reg_lambda"": 2.0, ""subsample"": 0.95}"
tuned_dataset_only,dataset_only,2,1,0.9956970606431838,1,10,11,15,"{""colsample_bytree"": 1.0, ""gamma"": 0.1, ""learning_rate"": 0.02, ""max_depth"": 8, ""min_child_weight"": 1, ""n_estimators"": 400, ""reg_alpha"": 0.0, ""reg_lambda"": 3.0, ""subsample"": 0.85}"
tuned_dataset_only,dataset_only,2,2,0.9687135449377042,1,15,16,20,"{""colsample_bytree"": 1.0, ""gamma"": 0.1, ""learning_rate"": 0.02, ""max_depth"": 8, ""min_child_weight"": 1, ""n_estimators"": 400, ""reg_alpha"": 0.0, ""reg_lambda"": 3.0, ""subsample"": 0.85}"
tuned_dataset_only,dataset_only,2,3,0.8587509946374852,1,20,21,25,"{""colsample_bytree"": 1.0, ""gamma"": 0.1, ""learning_rate"": 0.02, ""max_depth"": 8, ""min_child_weight"": 1, ""n_estimators"": 400, ""reg_alpha"": 0.0, ""reg_lambda"": 3.0, ""subsample"": 0.85}"
tuned_dataset_only,dataset_only,2,4,0.9788808190400835,1,25,26,30,"{""colsample_bytree"": 1.0, ""gamma"": 0.1, ""learning_rate"": 0.02, ""max_depth"": 8, ""min_child_weight"": 1, ""n_estimators"": 400, ""reg_alpha"": 0.0, ""reg_lambda"": 3.0, ""subsample"": 0.85}"
tuned_dataset_only,dataset_only,3,1,0.9951952693256313,1,10,11,15,"{""colsample_bytree"": 0.85, ""gamma"": 0.05, ""learning_rate"": 0.05, ""max_depth"": 8, ""min_child_weight"": 8, ""n_estimators"": 300, ""reg_alpha"": 0.25, ""reg_lambda"": 1.5, ""subsample"": 1.0}"
tuned_dataset_only,dataset_only,3,2,0.9744742148796595,1,15,16,20,"{""colsample_bytree"": 0.85, ""gamma"": 0.05, ""learning_rate"": 0.05, ""max_depth"": 8, ""min_child_weight"": 8, ""n_estimators"": 300, ""reg_alpha"": 0.25, ""reg_lambda"": 1.5, ""subsample"": 1.0}"
tuned_dataset_only,dataset_only,3,3,0.8688150922995374,1,20,21,25,"{""colsample_bytree"": 0.85, ""gamma"": 0.05, ""learning_rate"": 0.05, ""max_depth"": 8, ""min_child_weight"": 8, ""n_estimators"": 300, ""reg_alpha"": 0.25, ""reg_lambda"": 1.5, ""subsample"": 1.0}"
tuned_dataset_only,dataset_only,3,4,0.9859349407575627,1,25,26,30,"{""colsample_bytree"": 0.85, ""gamma"": 0.05, ""learning_rate"": 0.05, ""max_depth"": 8, ""min_child_weight"": 8, ""n_estimators"": 300, ""reg_alpha"": 0.25, ""reg_lambda"": 1.5, ""subsample"": 1.0}"
tuned_dataset_only,dataset_only,4,1,0.994162442363107,1,10,11,15,"{""colsample_bytree"": 0.75, ""gamma"": 0.25, ""learning_rate"": 0.02, ""max_depth"": 5, ""min_child_weight"": 8, ""n_estimators"": 200, ""reg_alpha"": 0.5, ""reg_lambda"": 1.0, ""subsample"": 0.75}"
tuned_dataset_only,dataset_only,4,2,0.9369675771976148,1,15,16,20,"{""colsample_bytree"": 0.75, ""gamma"": 0.25, ""learning_rate"": 0.02, ""max_depth"": 5, ""min_child_weight"": 8, ""n_estimators"": 200, ""reg_alpha"": 0.5, ""reg_lambda"": 1.0, ""subsample"": 0.75}"
tuned_dataset_only,dataset_only,4,3,0.8449621760565643,1,20,21,25,"{""colsample_bytree"": 0.75, ""gamma"": 0.25, ""learning_rate"": 0.02, ""max_depth"": 5, ""min_child_weight"": 8, ""n_estimators"": 200, ""reg_alpha"": 0.5, ""reg_lambda"": 1.0, ""subsample"": 0.75}"
tuned_dataset_only,dataset_only,4,4,0.9595834500893032,1,25,26,30,"{""colsample_bytree"": 0.75, ""gamma"": 0.25, ""learning_rate"": 0.02, ""max_depth"": 5, ""min_child_weight"": 8, ""n_estimators"": 200, ""reg_alpha"": 0.5, ""reg_lambda"": 1.0, ""subsample"": 0.75}"
tuned_dataset_only,dataset_only,5,1,0.9946860480232086,1,10,11,15,"{""colsample_bytree"": 0.75, ""gamma"": 0.0, ""learning_rate"": 0.15, ""max_depth"": 3, ""min_child_weight"": 3, ""n_estimators"": 150, ""reg_alpha"": 0.5, ""reg_lambda"": 3.0, ""subsample"": 1.0}"
tuned_dataset_only,dataset_only,5,2,0.9749467135625317,1,15,16,20,"{""colsample_bytree"": 0.75, ""gamma"": 0.0, ""learning_rate"": 0.15, ""max_depth"": 3, ""min_child_weight"": 3, ""n_estimators"": 150, ""reg_alpha"": 0.5, ""reg_lambda"": 3.0, ""subsample"": 1.0}"
tuned_dataset_only,dataset_only,5,3,0.8623682740755236,1,20,21,25,"{""colsample_bytree"": 0.75, ""gamma"": 0.0, ""learning_rate"": 0.15, ""max_depth"": 3, ""min_child_weight"": 3, ""n_estimators"": 150, ""reg_alpha"": 0.5, ""reg_lambda"": 3.0, ""subsample"": 1.0}"
tuned_dataset_only,dataset_only,5,4,0.9801259274375127,1,25,26,30,"{""colsample_bytree"": 0.75, ""gamma"": 0.0, ""learning_rate"": 0.15, ""max_depth"": 3, ""min_child_weight"": 3, ""n_estimators"": 150, ""reg_alpha"": 0.5, ""reg_lambda"": 3.0, ""subsample"": 1.0}"
tuned_dataset_only,dataset_only,6,1,0.9956935754000521,1,10,11,15,"{""colsample_bytree"": 1.0, ""gamma"": 0.0, ""learning_rate"": 0.1, ""max_depth"": 8, ""min_child_weight"": 1, ""n_estimators"": 150, ""reg_alpha"": 1.0, ""reg_lambda"": 1.5, ""subsample"": 0.85}"
tuned_dataset_only,dataset_only,6,2,0.9757419682052951,1,15,16,20,"{""colsample_bytree"": 1.0, ""gamma"": 0.0, ""learning_rate"": 0.1, ""max_depth"": 8, ""min_child_weight"": 1, ""n_estimators"": 150, ""reg_alpha"": 1.0, ""reg_lambda"": 1.5, ""subsample"": 0.85}"
tuned_dataset_only,dataset_only,6,3,0.8600833391230461,1,20,21,25,"{""colsample_bytree"": 1.0, ""gamma"": 0.0, ""learning_rate"": 0.1, ""max_depth"": 8, ""min_child_weight"": 1, ""n_estimators"": 150, ""reg_alpha"": 1.0, ""reg_lambda"": 1.5, ""subsample"": 0.85}"
tuned_dataset_only,dataset_only,6,4,0.9848294050626499,1,25,26,30,"{""colsample_bytree"": 1.0, ""gamma"": 0.0, ""learning_rate"": 0.1, ""max_depth"": 8, ""min_child_weight"": 1, ""n_estimators"": 150, ""reg_alpha"": 1.0, ""reg_lambda"": 1.5, ""subsample"": 0.85}"
tuned_dataset_only,dataset_only,7,1,0.9950042783363725,1,10,11,15,"{""colsample_bytree"": 0.75, ""gamma"": 0.05, ""learning_rate"": 0.05, ""max_depth"": 4, ""min_child_weight"": 5, ""n_estimators"": 300, ""reg_alpha"": 0.0, ""reg_lambda"": 1.5, ""subsample"": 0.75}"
tuned_dataset_only,dataset_only,7,2,0.9774079852875011,1,15,16,20,"{""colsample_bytree"": 0.75, ""gamma"": 0.05, ""learning_rate"": 0.05, ""max_depth"": 4, ""min_child_weight"": 5, ""n_estimators"": 300, ""reg_alpha"": 0.0, ""reg_lambda"": 1.5, ""subsample"": 0.75}"
tuned_dataset_only,dataset_only,7,3,0.8615868087952484,1,20,21,25,"{""colsample_bytree"": 0.75, ""gamma"": 0.05, ""learning_rate"": 0.05, ""max_depth"": 4, ""min_child_weight"": 5, ""n_estimators"": 300, ""reg_alpha"": 0.0, ""reg_lambda"": 1.5, ""subsample"": 0.75}"
tuned_dataset_only,dataset_only,7,4,0.983225052962471,1,25,26,30,"{""colsample_bytree"": 0.75, ""gamma"": 0.05, ""learning_rate"": 0.05, ""max_depth"": 4, ""min_child_weight"": 5, ""n_estimators"": 300, ""reg_alpha"": 0.0, ""reg_lambda"": 1.5, ""subsample"": 0.75}"
tuned_dataset_only,dataset_only,8,1,0.9918427220852778,1,10,11,15,"{""colsample_bytree"": 1.0, ""gamma"": 0.25, ""learning_rate"": 0.02, ""max_depth"": 3, ""min_child_weight"": 2, ""n_estimators"": 200, ""reg_alpha"": 0.1, ""reg_lambda"": 3.0, ""subsample"": 0.75}"
tuned_dataset_only,dataset_only,8,2,0.9560490437485957,1,15,16,20,"{""colsample_bytree"": 1.0, ""gamma"": 0.25, ""learning_rate"": 0.02, ""max_depth"": 3, ""min_child_weight"": 2, ""n_estimators"": 200, ""reg_alpha"": 0.1, ""reg_lambda"": 3.0, ""subsample"": 0.75}"
tuned_dataset_only,dataset_only,8,3,0.831204227618366,1,20,21,25,"{""colsample_bytree"": 1.0, ""gamma"": 0.25, ""learning_rate"": 0.02, ""max_depth"": 3, ""min_child_weight"": 2, ""n_estimators"": 200, ""reg_alpha"": 0.1, ""reg_lambda"": 3.0, ""subsample"": 0.75}"
tuned_dataset_only,dataset_only,8,4,0.9332393377441652,1,25,26,30,"{""colsample_bytree"": 1.0, ""gamma"": 0.25, ""learning_rate"": 0.02, ""max_depth"": 3, ""min_child_weight"": 2, ""n_estimators"": 200, ""reg_alpha"": 0.1, ""reg_lambda"": 3.0, ""subsample"": 0.75}"
tuned_dataset_only,dataset_only,9,1,0.9950719710026823,1,10,11,15,"{""colsample_bytree"": 0.85, ""gamma"": 0.0, ""learning_rate"": 0.15, ""max_depth"": 8, ""min_child_weight"": 10, ""n_estimators"": 300, ""reg_alpha"": 1.0, ""reg_lambda"": 2.0, ""subsample"": 0.85}"
tuned_dataset_only,dataset_only,9,2,0.9770909477018727,1,15,16,20,"{""colsample_bytree"": 0.85, ""gamma"": 0.0, ""learning_rate"": 0.15, ""max_depth"": 8, ""min_child_weight"": 10, ""n_estimators"": 300, ""reg_alpha"": 1.0, ""reg_lambda"": 2.0, ""subsample"": 0.85}"
tuned_dataset_only,dataset_only,9,3,0.874039428096604,1,20,21,25,"{""colsample_bytree"": 0.85, ""gamma"": 0.0, ""learning_rate"": 0.15, ""max_depth"": 8, ""min_child_weight"": 10, ""n_estimators"": 300, ""reg_alpha"": 1.0, ""reg_lambda"": 2.0, ""subsample"": 0.85}"
tuned_dataset_only,dataset_only,9,4,0.9852694114129389,1,25,26,30,"{""colsample_bytree"": 0.85, ""gamma"": 0.0, ""learning_rate"": 0.15, ""max_depth"": 8, ""min_child_weight"": 10, ""n_estimators"": 300, ""reg_alpha"": 1.0, ""reg_lambda"": 2.0, ""subsample"": 0.85}"
tuned_dataset_only,dataset_only,10,1,0.9946604834696007,1,10,11,15,"{""colsample_bytree"": 1.0, ""gamma"": 0.25, ""learning_rate"": 0.03, ""max_depth"": 6, ""min_child_weight"": 8, ""n_estimators"": 150, ""reg_alpha"": 0.5, ""reg_lambda"": 2.0, ""subsample"": 1.0}"
tuned_dataset_only,dataset_only,10,2,0.8752820394613428,1,15,16,20,"{""colsample_bytree"": 1.0, ""gamma"": 0.25, ""learning_rate"": 0.03, ""max_depth"": 6, ""min_child_weight"": 8, ""n_estimators"": 150, ""reg_alpha"": 0.5, ""reg_lambda"": 2.0, ""subsample"": 1.0}"
tuned_dataset_only,dataset_only,10,3,0.8562282235193738,1,20,21,25,"{""colsample_bytree"": 1.0, ""gamma"": 0.25, ""learning_rate"": 0.03, ""max_depth"": 6, ""min_child_weight"": 8, ""n_estimators"": 150, ""reg_alpha"": 0.5, ""reg_lambda"": 2.0, ""subsample"": 1.0}"
tuned_dataset_only,dataset_only,10,4,0.9655980704403558,1,25,26,30,"{""colsample_bytree"": 1.0, ""gamma"": 0.25, ""learning_rate"": 0.03, ""max_depth"": 6, ""min_child_weight"": 8, ""n_estimators"": 150, ""reg_alpha"": 0.5, ""reg_lambda"": 2.0, ""subsample"": 1.0}"
tuned_dataset_only,dataset_only,11,1,0.9941844691030612,1,10,11,15,"{""colsample_bytree"": 0.75, ""gamma"": 0.5, ""learning_rate"": 0.02, ""max_depth"": 6, ""min_child_weight"": 2, ""n_estimators"": 150, ""reg_alpha"": 0.05, ""reg_lambda"": 2.0, ""subsample"": 0.75}"
tuned_dataset_only,dataset_only,11,2,0.8930986667274884,1,15,16,20,"{""colsample_bytree"": 0.75, ""gamma"": 0.5, ""learning_rate"": 0.02, ""max_depth"": 6, ""min_child_weight"": 2, ""n_estimators"": 150, ""reg_alpha"": 0.05, ""reg_lambda"": 2.0, ""subsample"": 0.75}"
tuned_dataset_only,dataset_only,11,3,0.840385290444921,1,20,21,25,"{""colsample_bytree"": 0.75, ""gamma"": 0.5, ""learning_rate"": 0.02, ""max_depth"": 6, ""min_child_weight"": 2, ""n_estimators"": 150, ""reg_alpha"": 0.05, ""reg_lambda"": 2.0, ""subsample"": 0.75}"
tuned_dataset_only,dataset_only,11,4,0.9535598462616014,1,25,26,30,"{""colsample_bytree"": 0.75, ""gamma"": 0.5, ""learning_rate"": 0.02, ""max_depth"": 6, ""min_child_weight"": 2, ""n_estimators"": 150, ""reg_alpha"": 0.05, ""reg_lambda"": 2.0, ""subsample"": 0.75}"
tuned_dataset_only,dataset_only,12,1,0.9956143805713006,1,10,11,15,"{""colsample_bytree"": 1.0, ""gamma"": 0.25, ""learning_rate"": 0.03, ""max_depth"": 6, ""min_child_weight"": 2, ""n_estimators"": 300, ""reg_alpha"": 0.1, ""reg_lambda"": 3.0, ""subsample"": 0.95}"
tuned_dataset_only,dataset_only,12,2,0.9589172485337557,1,15,16,20,"{""colsample_bytree"": 1.0, ""gamma"": 0.25, ""learning_rate"": 0.03, ""max_depth"": 6, ""min_child_weight"": 2, ""n_estimators"": 300, ""reg_alpha"": 0.1, ""reg_lambda"": 3.0, ""subsample"": 0.95}"
tuned_dataset_only,dataset_only,12,3,0.8637148349340149,1,20,21,25,"{""colsample_bytree"": 1.0, ""gamma"": 0.25, ""learning_rate"": 0.03, ""max_depth"": 6, ""min_child_weight"": 2, ""n_estimators"": 300, ""reg_alpha"": 0.1, ""reg_lambda"": 3.0, ""subsample"": 0.95}"
tuned_dataset_only,dataset_only,12,4,0.9774806933640638,1,25,26,30,"{""colsample_bytree"": 1.0, ""gamma"": 0.25, ""learning_rate"": 0.03, ""max_depth"": 6, ""min_child_weight"": 2, ""n_estimators"": 300, ""reg_alpha"": 0.1, ""reg_lambda"": 3.0, ""subsample"": 0.95}"
tuned_dataset_only,dataset_only,13,1,0.9944011960569389,1,10,11,15,"{""colsample_bytree"": 0.95, ""gamma"": 0.1, ""learning_rate"": 0.03, ""max_depth"": 4, ""min_child_weight"": 3, ""n_estimators"": 200, ""reg_alpha"": 0.1, ""reg_lambda"": 2.0, ""subsample"": 1.0}"
tuned_dataset_only,dataset_only,13,2,0.9314504194322482,1,15,16,20,"{""colsample_bytree"": 0.95, ""gamma"": 0.1, ""learning_rate"": 0.03, ""max_depth"": 4, ""min_child_weight"": 3, ""n_estimators"": 200, ""reg_alpha"": 0.1, ""reg_lambda"": 2.0, ""subsample"": 1.0}"
tuned_dataset_only,dataset_only,13,3,0.8617757276245378,1,20,21,25,"{""colsample_bytree"": 0.95, ""gamma"": 0.1, ""learning_rate"": 0.03, ""max_depth"": 4, ""min_child_weight"": 3, ""n_estimators"": 200, ""reg_alpha"": 0.1, ""reg_lambda"": 2.0, ""subsample"": 1.0}"
tuned_dataset_only,dataset_only,13,4,0.9605374241906283,1,25,26,30,"{""colsample_bytree"": 0.95, ""gamma"": 0.1, ""learning_rate"": 0.03, ""max_depth"": 4, ""min_child_weight"": 3, ""n_estimators"": 200, ""reg_alpha"": 0.1, ""reg_lambda"": 2.0, ""subsample"": 1.0}"
tuned_dataset_only,dataset_only,14,1,0.9952850903005521,1,10,11,15,"{""colsample_bytree"": 0.65, ""gamma"": 0.5, ""learning_rate"": 0.02, ""max_depth"": 5, ""min_child_weight"": 5, ""n_estimators"": 300, ""reg_alpha"": 0.05, ""reg_lambda"": 2.0, ""subsample"": 0.95}"
tuned_dataset_only,dataset_only,14,2,0.9497201077362394,1,15,16,20,"{""colsample_bytree"": 0.65, ""gamma"": 0.5, ""learning_rate"": 0.02, ""max_depth"": 5, ""min_child_weight"": 5, ""n_estimators"": 300, ""reg_alpha"": 0.05, ""reg_lambda"": 2.0, ""subsample"": 0.95}"
tuned_dataset_only,dataset_only,14,3,0.8614234574473415,1,20,21,25,"{""colsample_bytree"": 0.65, ""gamma"": 0.5, ""learning_rate"": 0.02, ""max_depth"": 5, ""min_child_weight"": 5, ""n_estimators"": 300, ""reg_alpha"": 0.05, ""reg_lambda"": 2.0, ""subsample"": 0.95}"
tuned_dataset_only,dataset_only,14,4,0.9750073239672908,1,25,26,30,"{""colsample_bytree"": 0.65, ""gamma"": 0.5, ""learning_rate"": 0.02, ""max_depth"": 5, ""min_child_weight"": 5, ""n_estimators"": 300, ""reg_alpha"": 0.05, ""reg_lambda"": 2.0, ""subsample"": 0.95}"
tuned_dataset_only,dataset_only,15,1,0.9944789828058469,1,10,11,15,"{""colsample_bytree"": 0.65, ""gamma"": 0.0, ""learning_rate"": 0.08, ""max_depth"": 4, ""min_child_weight"": 1, ""n_estimators"": 400, ""reg_alpha"": 0.0, ""reg_lambda"": 1.0, ""subsample"": 0.65}"
tuned_dataset_only,dataset_only,15,2,0.9794415266271796,1,15,16,20,"{""colsample_bytree"": 0.65, ""gamma"": 0.0, ""learning_rate"": 0.08, ""max_depth"": 4, ""min_child_weight"": 1, ""n_estimators"": 400, ""reg_alpha"": 0.0, ""reg_lambda"": 1.0, ""subsample"": 0.65}"
tuned_dataset_only,dataset_only,15,3,0.860754606657289,1,20,21,25,"{""colsample_bytree"": 0.65, ""gamma"": 0.0, ""learning_rate"": 0.08, ""max_depth"": 4, ""min_child_weight"": 1, ""n_estimators"": 400, ""reg_alpha"": 0.0, ""reg_lambda"": 1.0, ""subsample"": 0.65}"
tuned_dataset_only,dataset_only,15,4,0.9860036491825798,1,25,26,30,"{""colsample_bytree"": 0.65, ""gamma"": 0.0, ""learning_rate"": 0.08, ""max_depth"": 4, ""min_child_weight"": 1, ""n_estimators"": 400, ""reg_alpha"": 0.0, ""reg_lambda"": 1.0, ""subsample"": 0.65}"
tuned_dataset_only,dataset_only,16,1,0.9949838641394448,1,10,11,15,"{""colsample_bytree"": 0.75, ""gamma"": 0.05, ""learning_rate"": 0.05, ""max_depth"": 8, ""min_child_weight"": 10, ""n_estimators"": 100, ""reg_alpha"": 0.1, ""reg_lambda"": 0.5, ""subsample"": 0.85}"
tuned_dataset_only,dataset_only,16,2,0.9713151336670063,1,15,16,20,"{""colsample_bytree"": 0.75, ""gamma"": 0.05, ""learning_rate"": 0.05, ""max_depth"": 8, ""min_child_weight"": 10, ""n_estimators"": 100, ""reg_alpha"": 0.1, ""reg_lambda"": 0.5, ""subsample"": 0.85}"
tuned_dataset_only,dataset_only,16,3,0.8669987390979635,1,20,21,25,"{""colsample_bytree"": 0.75, ""gamma"": 0.05, ""learning_rate"": 0.05, ""max_depth"": 8, ""min_child_weight"": 10, ""n_estimators"": 100, ""reg_alpha"": 0.1, ""reg_lambda"": 0.5, ""subsample"": 0.85}"
tuned_dataset_only,dataset_only,16,4,0.9781375002351517,1,25,26,30,"{""colsample_bytree"": 0.75, ""gamma"": 0.05, ""learning_rate"": 0.05, ""max_depth"": 8, ""min_child_weight"": 10, ""n_estimators"": 100, ""reg_alpha"": 0.1, ""reg_lambda"": 0.5, ""subsample"": 0.85}"
tuned_dataset_only,dataset_only,17,1,0.9908280984362822,1,10,11,15,"{""colsample_bytree"": 0.75, ""gamma"": 0.1, ""learning_rate"": 0.03, ""max_depth"": 3, ""min_child_weight"": 5, ""n_estimators"": 100, ""reg_alpha"": 1.0, ""reg_lambda"": 0.5, ""subsample"": 0.65}"
tuned_dataset_only,dataset_only,17,2,0.907843974134717,1,15,16,20,"{""colsample_bytree"": 0.75, ""gamma"": 0.1, ""learning_rate"": 0.03, ""max_depth"": 3, ""min_child_weight"": 5, ""n_estimators"": 100, ""reg_alpha"": 1.0, ""reg_lambda"": 0.5, ""subsample"": 0.65}"
tuned_dataset_only,dataset_only,17,3,0.8248161704472936,1,20,21,25,"{""colsample_bytree"": 0.75, ""gamma"": 0.1, ""learning_rate"": 0.03, ""max_depth"": 3, ""min_child_weight"": 5, ""n_estimators"": 100, ""reg_alpha"": 1.0, ""reg_lambda"": 0.5, ""subsample"": 0.65}"
tuned_dataset_only,dataset_only,17,4,0.9062542470579692,1,25,26,30,"{""colsample_bytree"": 0.75, ""gamma"": 0.1, ""learning_rate"": 0.03, ""max_depth"": 3, ""min_child_weight"": 5, ""n_estimators"": 100, ""reg_alpha"": 1.0, ""reg_lambda"": 0.5, ""subsample"": 0.65}"
tuned_dataset_only,dataset_only,18,1,0.9949582575160135,1,10,11,15,"{""colsample_bytree"": 0.75, ""gamma"": 0.05, ""learning_rate"": 0.1, ""max_depth"": 5, ""min_child_weight"": 1, ""n_estimators"": 250, ""reg_alpha"": 0.5, ""reg_lambda"": 3.0, ""subsample"": 0.75}"
tuned_dataset_only,dataset_only,18,2,0.9788112541664268,1,15,16,20,"{""colsample_bytree"": 0.75, ""gamma"": 0.05, ""learning_rate"": 0.1, ""max_depth"": 5, ""min_child_weight"": 1, ""n_estimators"": 250, ""reg_alpha"": 0.5, ""reg_lambda"": 3.0, ""subsample"": 0.75}"
tuned_dataset_only,dataset_only,18,3,0.8537839157107033,1,20,21,25,"{""colsample_bytree"": 0.75, ""gamma"": 0.05, ""learning_rate"": 0.1, ""max_depth"": 5, ""min_child_weight"": 1, ""n_estimators"": 250, ""reg_alpha"": 0.5, ""reg_lambda"": 3.0, ""subsample"": 0.75}"
tuned_dataset_only,dataset_only,18,4,0.9842778929725307,1,25,26,30,"{""colsample_bytree"": 0.75, ""gamma"": 0.05, ""learning_rate"": 0.1, ""max_depth"": 5, ""min_child_weight"": 1, ""n_estimators"": 250, ""reg_alpha"": 0.5, ""reg_lambda"": 3.0, ""subsample"": 0.75}"
tuned_dataset_only,dataset_only,19,1,0.994342696474452,1,10,11,15,"{""colsample_bytree"": 0.65, ""gamma"": 0.5, ""learning_rate"": 0.1, ""max_depth"": 4, ""min_child_weight"": 8, ""n_estimators"": 400, ""reg_alpha"": 0.25, ""reg_lambda"": 2.0, ""subsample"": 0.65}"
tuned_dataset_only,dataset_only,19,2,0.9785647591725357,1,15,16,20,"{""colsample_bytree"": 0.65, ""gamma"": 0.5, ""learning_rate"": 0.1, ""max_depth"": 4, ""min_child_weight"": 8, ""n_estimators"": 400, ""reg_alpha"": 0.25, ""reg_lambda"": 2.0, ""subsample"": 0.65}"
tuned_dataset_only,dataset_only,19,3,0.8533299962049197,1,20,21,25,"{""colsample_bytree"": 0.65, ""gamma"": 0.5, ""learning_rate"": 0.1, ""max_depth"": 4, ""min_child_weight"": 8, ""n_estimators"": 400, ""reg_alpha"": 0.25, ""reg_lambda"": 2.0, ""subsample"": 0.65}"
tuned_dataset_only,dataset_only,19,4,0.9847823076466012,1,25,26,30,"{""colsample_bytree"": 0.65, ""gamma"": 0.5, ""learning_rate"": 0.1, ""max_depth"": 4, ""min_child_weight"": 8, ""n_estimators"": 400, ""reg_alpha"": 0.25, ""reg_lambda"": 2.0, ""subsample"": 0.65}"
tuned_dataset_only,dataset_only,20,1,0.9952991545940673,1,10,11,15,"{""colsample_bytree"": 0.85, ""gamma"": 0.05, ""learning_rate"": 0.08, ""max_depth"": 6, ""min_child_weight"": 3, ""n_estimators"": 150, ""reg_alpha"": 1.0, ""reg_lambda"": 1.0, ""subsample"": 0.85}"
tuned_dataset_only,dataset_only,20,2,0.9703084279476801,1,15,16,20,"{""colsample_bytree"": 0.85, ""gamma"": 0.05, ""learning_rate"": 0.08, ""max_depth"": 6, ""min_child_weight"": 3, ""n_estimators"": 150, ""reg_alpha"": 1.0, ""reg_lambda"": 1.0, ""subsample"": 0.85}"
tuned_dataset_only,dataset_only,20,3,0.8611447429051557,1,20,21,25,"{""colsample_bytree"": 0.85, ""gamma"": 0.05, ""learning_rate"": 0.08, ""max_depth"": 6, ""min_child_weight"": 3, ""n_estimators"": 150, ""reg_alpha"": 1.0, ""reg_lambda"": 1.0, ""subsample"": 0.85}"
tuned_dataset_only,dataset_only,20,4,0.9836667245676279,1,25,26,30,"{""colsample_bytree"": 0.85, ""gamma"": 0.05, ""learning_rate"": 0.08, ""max_depth"": 6, ""min_child_weight"": 3, ""n_estimators"": 150, ""reg_alpha"": 1.0, ""reg_lambda"": 1.0, ""subsample"": 0.85}"
tuned_combined,combined,1,1,0.9947815270681615,1,10,11,15,"{""colsample_bytree"": 0.75, ""gamma"": 0.25, ""learning_rate"": 0.1, ""max_depth"": 4, ""min_child_weight"": 3, ""n_estimators"": 300, ""reg_alpha"": 1.0, ""reg_lambda"": 2.0, ""subsample"": 0.95}"
tuned_combined,combined,1,2,0.97449631982051,1,15,16,20,"{""colsample_bytree"": 0.75, ""gamma"": 0.25, ""learning_rate"": 0.1, ""max_depth"": 4, ""min_child_weight"": 3, ""n_estimators"": 300, ""reg_alpha"": 1.0, ""reg_lambda"": 2.0, ""subsample"": 0.95}"
tuned_combined,combined,1,3,0.8649729316141737,1,20,21,25,"{""colsample_bytree"": 0.75, ""gamma"": 0.25, ""learning_rate"": 0.1, ""max_depth"": 4, ""min_child_weight"": 3, ""n_estimators"": 300, ""reg_alpha"": 1.0, ""reg_lambda"": 2.0, ""subsample"": 0.95}"
tuned_combined,combined,1,4,0.9875767295214402,1,25,26,30,"{""colsample_bytree"": 0.75, ""gamma"": 0.25, ""learning_rate"": 0.1, ""max_depth"": 4, ""min_child_weight"": 3, ""n_estimators"": 300, ""reg_alpha"": 1.0, ""reg_lambda"": 2.0, ""subsample"": 0.95}"
tuned_combined,combined,2,1,0.9955736472958572,1,10,11,15,"{""colsample_bytree"": 1.0, ""gamma"": 0.1, ""learning_rate"": 0.02, ""max_depth"": 8, ""min_child_weight"": 1, ""n_estimators"": 400, ""reg_alpha"": 0.0, ""reg_lambda"": 3.0, ""subsample"": 0.85}"
tuned_combined,combined,2,2,0.9690498234250874,1,15,16,20,"{""colsample_bytree"": 1.0, ""gamma"": 0.1, ""learning_rate"": 0.02, ""max_depth"": 8, ""min_child_weight"": 1, ""n_estimators"": 400, ""reg_alpha"": 0.0, ""reg_lambda"": 3.0, ""subsample"": 0.85}"
tuned_combined,combined,2,3,0.8582968852067712,1,20,21,25,"{""colsample_bytree"": 1.0, ""gamma"": 0.1, ""learning_rate"": 0.02, ""max_depth"": 8, ""min_child_weight"": 1, ""n_estimators"": 400, ""reg_alpha"": 0.0, ""reg_lambda"": 3.0, ""subsample"": 0.85}"
tuned_combined,combined,2,4,0.9799448507561764,1,25,26,30,"{""colsample_bytree"": 1.0, ""gamma"": 0.1, ""learning_rate"": 0.02, ""max_depth"": 8, ""min_child_weight"": 1, ""n_estimators"": 400, ""reg_alpha"": 0.0, ""reg_lambda"": 3.0, ""subsample"": 0.85}"
tuned_combined,combined,3,1,0.995247228765781,1,10,11,15,"{""colsample_bytree"": 0.85, ""gamma"": 0.05, ""learning_rate"": 0.05, ""max_depth"": 8, ""min_child_weight"": 8, ""n_estimators"": 300, ""reg_alpha"": 0.25, ""reg_lambda"": 1.5, ""subsample"": 1.0}"
tuned_combined,combined,3,2,0.9754024152984325,1,15,16,20,"{""colsample_bytree"": 0.85, ""gamma"": 0.05, ""learning_rate"": 0.05, ""max_depth"": 8, ""min_child_weight"": 8, ""n_estimators"": 300, ""reg_alpha"": 0.25, ""reg_lambda"": 1.5, ""subsample"": 1.0}"
tuned_combined,combined,3,3,0.8688926938958759,1,20,21,25,"{""colsample_bytree"": 0.85, ""gamma"": 0.05, ""learning_rate"": 0.05, ""max_depth"": 8, ""min_child_weight"": 8, ""n_estimators"": 300, ""reg_alpha"": 0.25, ""reg_lambda"": 1.5, ""subsample"": 1.0}"
tuned_combined,combined,3,4,0.9843711370876177,1,25,26,30,"{""colsample_bytree"": 0.85, ""gamma"": 0.05, ""learning_rate"": 0.05, ""max_depth"": 8, ""min_child_weight"": 8, ""n_estimators"": 300, ""reg_alpha"": 0.25, ""reg_lambda"": 1.5, ""subsample"": 1.0}"
tuned_combined,combined,4,1,0.9943600685633837,1,10,11,15,"{""colsample_bytree"": 0.75, ""gamma"": 0.25, ""learning_rate"": 0.02, ""max_depth"": 5, ""min_child_weight"": 8, ""n_estimators"": 200, ""reg_alpha"": 0.5, ""reg_lambda"": 1.0, ""subsample"": 0.75}"
tuned_combined,combined,4,2,0.9397493709377551,1,15,16,20,"{""colsample_bytree"": 0.75, ""gamma"": 0.25, ""learning_rate"": 0.02, ""max_depth"": 5, ""min_child_weight"": 8, ""n_estimators"": 200, ""reg_alpha"": 0.5, ""reg_lambda"": 1.0, ""subsample"": 0.75}"
tuned_combined,combined,4,3,0.8504879824244677,1,20,21,25,"{""colsample_bytree"": 0.75, ""gamma"": 0.25, ""learning_rate"": 0.02, ""max_depth"": 5, ""min_child_weight"": 8, ""n_estimators"": 200, ""reg_alpha"": 0.5, ""reg_lambda"": 1.0, ""subsample"": 0.75}"
tuned_combined,combined,4,4,0.9595838440512889,1,25,26,30,"{""colsample_bytree"": 0.75, ""gamma"": 0.25, ""learning_rate"": 0.02, ""max_depth"": 5, ""min_child_weight"": 8, ""n_estimators"": 200, ""reg_alpha"": 0.5, ""reg_lambda"": 1.0, ""subsample"": 0.75}"
tuned_combined,combined,5,1,0.9952246561459569,1,10,11,15,"{""colsample_bytree"": 0.75, ""gamma"": 0.0, ""learning_rate"": 0.15, ""max_depth"": 3, ""min_child_weight"": 3, ""n_estimators"": 150, ""reg_alpha"": 0.5, ""reg_lambda"": 3.0, ""subsample"": 1.0}"
tuned_combined,combined,5,2,0.9764718429994369,1,15,16,20,"{""colsample_bytree"": 0.75, ""gamma"": 0.0, ""learning_rate"": 0.15, ""max_depth"": 3, ""min_child_weight"": 3, ""n_estimators"": 150, ""reg_alpha"": 0.5, ""reg_lambda"": 3.0, ""subsample"": 1.0}"
tuned_combined,combined,5,3,0.8619386284731961,1,20,21,25,"{""colsample_bytree"": 0.75, ""gamma"": 0.0, ""learning_rate"": 0.15, ""max_depth"": 3, ""min_child_weight"": 3, ""n_estimators"": 150, ""reg_alpha"": 0.5, ""reg_lambda"": 3.0, ""subsample"": 1.0}"
tuned_combined,combined,5,4,0.9827585811455672,1,25,26,30,"{""colsample_bytree"": 0.75, ""gamma"": 0.0, ""learning_rate"": 0.15, ""max_depth"": 3, ""min_child_weight"": 3, ""n_estimators"": 150, ""reg_alpha"": 0.5, ""reg_lambda"": 3.0, ""subsample"": 1.0}"
tuned_combined,combined,6,1,0.9950932792006303,1,10,11,15,"{""colsample_bytree"": 1.0, ""gamma"": 0.0, ""learning_rate"": 0.1, ""max_depth"": 8, ""min_child_weight"": 1, ""n_estimators"": 150, ""reg_alpha"": 1.0, ""reg_lambda"": 1.5, ""subsample"": 0.85}"
tuned_combined,combined,6,2,0.9756919464274454,1,15,16,20,"{""colsample_bytree"": 1.0, ""gamma"": 0.0, ""learning_rate"": 0.1, ""max_depth"": 8, ""min_child_weight"": 1, ""n_estimators"": 150, ""reg_alpha"": 1.0, ""reg_lambda"": 1.5, ""subsample"": 0.85}"
tuned_combined,combined,6,3,0.8596532342683977,1,20,21,25,"{""colsample_bytree"": 1.0, ""gamma"": 0.0, ""learning_rate"": 0.1, ""max_depth"": 8, ""min_child_weight"": 1, ""n_estimators"": 150, ""reg_alpha"": 1.0, ""reg_lambda"": 1.5, ""subsample"": 0.85}"
tuned_combined,combined,6,4,0.9854668532398235,1,25,26,30,"{""colsample_bytree"": 1.0, ""gamma"": 0.0, ""learning_rate"": 0.1, ""max_depth"": 8, ""min_child_weight"": 1, ""n_estimators"": 150, ""reg_alpha"": 1.0, ""reg_lambda"": 1.5, ""subsample"": 0.85}"
tuned_combined,combined,7,1,0.9952640164903765,1,10,11,15,"{""colsample_bytree"": 0.75, ""gamma"": 0.05, ""learning_rate"": 0.05, ""max_depth"": 4, ""min_child_weight"": 5, ""n_estimators"": 300, ""reg_alpha"": 0.0, ""reg_lambda"": 1.5, ""subsample"": 0.75}"
tuned_combined,combined,7,2,0.9788468220473845,1,15,16,20,"{""colsample_bytree"": 0.75, ""gamma"": 0.05, ""learning_rate"": 0.05, ""max_depth"": 4, ""min_child_weight"": 5, ""n_estimators"": 300, ""reg_alpha"": 0.0, ""reg_lambda"": 1.5, ""subsample"": 0.75}"
tuned_combined,combined,7,3,0.8548457368999195,1,20,21,25,"{""colsample_bytree"": 0.75, ""gamma"": 0.05, ""learning_rate"": 0.05, ""max_depth"": 4, ""min_child_weight"": 5, ""n_estimators"": 300, ""reg_alpha"": 0.0, ""reg_lambda"": 1.5, ""subsample"": 0.75}"
tuned_combined,combined,7,4,0.9861190851137057,1,25,26,30,"{""colsample_bytree"": 0.75, ""gamma"": 0.05, ""learning_rate"": 0.05, ""max_depth"": 4, ""min_child_weight"": 5, ""n_estimators"": 300, ""reg_alpha"": 0.0, ""reg_lambda"": 1.5, ""subsample"": 0.75}"
tuned_combined,combined,8,1,0.9921579921993282,1,10,11,15,"{""colsample_bytree"": 1.0, ""gamma"": 0.25, ""learning_rate"": 0.02, ""max_depth"": 3, ""min_child_weight"": 2, ""n_estimators"": 200, ""reg_alpha"": 0.1, ""reg_lambda"": 3.0, ""subsample"": 0.75}"
tuned_combined,combined,8,2,0.9571761086926772,1,15,16,20,"{""colsample_bytree"": 1.0, ""gamma"": 0.25, ""learning_rate"": 0.02, ""max_depth"": 3, ""min_child_weight"": 2, ""n_estimators"": 200, ""reg_alpha"": 0.1, ""reg_lambda"": 3.0, ""subsample"": 0.75}"
tuned_combined,combined,8,3,0.8328311733034082,1,20,21,25,"{""colsample_bytree"": 1.0, ""gamma"": 0.25, ""learning_rate"": 0.02, ""max_depth"": 3, ""min_child_weight"": 2, ""n_estimators"": 200, ""reg_alpha"": 0.1, ""reg_lambda"": 3.0, ""subsample"": 0.75}"
tuned_combined,combined,8,4,0.9310432406584123,1,25,26,30,"{""colsample_bytree"": 1.0, ""gamma"": 0.25, ""learning_rate"": 0.02, ""max_depth"": 3, ""min_child_weight"": 2, ""n_estimators"": 200, ""reg_alpha"": 0.1, ""reg_lambda"": 3.0, ""subsample"": 0.75}"
tuned_combined,combined,9,1,0.9948898136522061,1,10,11,15,"{""colsample_bytree"": 0.85, ""gamma"": 0.0, ""learning_rate"": 0.15, ""max_depth"": 8, ""min_child_weight"": 10, ""n_estimators"": 300, ""reg_alpha"": 1.0, ""reg_lambda"": 2.0, ""subsample"": 0.85}"
tuned_combined,combined,9,2,0.9782141234810613,1,15,16,20,"{""colsample_bytree"": 0.85, ""gamma"": 0.0, ""learning_rate"": 0.15, ""max_depth"": 8, ""min_child_weight"": 10, ""n_estimators"": 300, ""reg_alpha"": 1.0, ""reg_lambda"": 2.0, ""subsample"": 0.85}"
tuned_combined,combined,9,3,0.8721249955743228,1,20,21,25,"{""colsample_bytree"": 0.85, ""gamma"": 0.0, ""learning_rate"": 0.15, ""max_depth"": 8, ""min_child_weight"": 10, ""n_estimators"": 300, ""reg_alpha"": 1.0, ""reg_lambda"": 2.0, ""subsample"": 0.85}"
tuned_combined,combined,9,4,0.9865402976400143,1,25,26,30,"{""colsample_bytree"": 0.85, ""gamma"": 0.0, ""learning_rate"": 0.15, ""max_depth"": 8, ""min_child_weight"": 10, ""n_estimators"": 300, ""reg_alpha"": 1.0, ""reg_lambda"": 2.0, ""subsample"": 0.85}"
tuned_combined,combined,10,1,0.9944929444773072,1,10,11,15,"{""colsample_bytree"": 1.0, ""gamma"": 0.25, ""learning_rate"": 0.03, ""max_depth"": 6, ""min_child_weight"": 8, ""n_estimators"": 150, ""reg_alpha"": 0.5, ""reg_lambda"": 2.0, ""subsample"": 1.0}"
tuned_combined,combined,10,2,0.8818805877984316,1,15,16,20,"{""colsample_bytree"": 1.0, ""gamma"": 0.25, ""learning_rate"": 0.03, ""max_depth"": 6, ""min_child_weight"": 8, ""n_estimators"": 150, ""reg_alpha"": 0.5, ""reg_lambda"": 2.0, ""subsample"": 1.0}"
tuned_combined,combined,10,3,0.8587660710795175,1,20,21,25,"{""colsample_bytree"": 1.0, ""gamma"": 0.25, ""learning_rate"": 0.03, ""max_depth"": 6, ""min_child_weight"": 8, ""n_estimators"": 150, ""reg_alpha"": 0.5, ""reg_lambda"": 2.0, ""subsample"": 1.0}"
tuned_combined,combined,10,4,0.9657890290831415,1,25,26,30,"{""colsample_bytree"": 1.0, ""gamma"": 0.25, ""learning_rate"": 0.03, ""max_depth"": 6, ""min_child_weight"": 8, ""n_estimators"": 150, ""reg_alpha"": 0.5, ""reg_lambda"": 2.0, ""subsample"": 1.0}"
tuned_combined,combined,11,1,0.9939773374764116,1,10,11,15,"{""colsample_bytree"": 0.75, ""gamma"": 0.5, ""learning_rate"": 0.02, ""max_depth"": 6, ""min_child_weight"": 2, ""n_estimators"": 150, ""reg_alpha"": 0.05, ""reg_lambda"": 2.0, ""subsample"": 0.75}"
tuned_combined,combined,11,2,0.8845279979730775,1,15,16,20,"{""colsample_bytree"": 0.75, ""gamma"": 0.5, ""learning_rate"": 0.02, ""max_depth"": 6, ""min_child_weight"": 2, ""n_estimators"": 150, ""reg_alpha"": 0.05, ""reg_lambda"": 2.0, ""subsample"": 0.75}"
tuned_combined,combined,11,3,0.8399245484048554,1,20,21,25,"{""colsample_bytree"": 0.75, ""gamma"": 0.5, ""learning_rate"": 0.02, ""max_depth"": 6, ""min_child_weight"": 2, ""n_estimators"": 150, ""reg_alpha"": 0.05, ""reg_lambda"": 2.0, ""subsample"": 0.75}"
tuned_combined,combined,11,4,0.9553282025338731,1,25,26,30,"{""colsample_bytree"": 0.75, ""gamma"": 0.5, ""learning_rate"": 0.02, ""max_depth"": 6, ""min_child_weight"": 2, ""n_estimators"": 150, ""reg_alpha"": 0.05, ""reg_lambda"": 2.0, ""subsample"": 0.75}"
tuned_combined,combined,12,1,0.9955205121394652,1,10,11,15,"{""colsample_bytree"": 1.0, ""gamma"": 0.25, ""learning_rate"": 0.03, ""max_depth"": 6, ""min_child_weight"": 2, ""n_estimators"": 300, ""reg_alpha"": 0.1, ""reg_lambda"": 3.0, ""subsample"": 0.95}"
tuned_combined,combined,12,2,0.9530039972917509,1,15,16,20,"{""colsample_bytree"": 1.0, ""gamma"": 0.25, ""learning_rate"": 0.03, ""max_depth"": 6, ""min_child_weight"": 2, ""n_estimators"": 300, ""reg_alpha"": 0.1, ""reg_lambda"": 3.0, ""subsample"": 0.95}"
tuned_combined,combined,12,3,0.8678176613554193,1,20,21,25,"{""colsample_bytree"": 1.0, ""gamma"": 0.25, ""learning_rate"": 0.03, ""max_depth"": 6, ""min_child_weight"": 2, ""n_estimators"": 300, ""reg_alpha"": 0.1, ""reg_lambda"": 3.0, ""subsample"": 0.95}"
tuned_combined,combined,12,4,0.9812604737086111,1,25,26,30,"{""colsample_bytree"": 1.0, ""gamma"": 0.25, ""learning_rate"": 0.03, ""max_depth"": 6, ""min_child_weight"": 2, ""n_estimators"": 300, ""reg_alpha"": 0.1, ""reg_lambda"": 3.0, ""subsample"": 0.95}"
tuned_combined,combined,13,1,0.9942825907277842,1,10,11,15,"{""colsample_bytree"": 0.95, ""gamma"": 0.1, ""learning_rate"": 0.03, ""max_depth"": 4, ""min_child_weight"": 3, ""n_estimators"": 200, ""reg_alpha"": 0.1, ""reg_lambda"": 2.0, ""subsample"": 1.0}"
tuned_combined,combined,13,2,0.9441952622152878,1,15,16,20,"{""colsample_bytree"": 0.95, ""gamma"": 0.1, ""learning_rate"": 0.03, ""max_depth"": 4, ""min_child_weight"": 3, ""n_estimators"": 200, ""reg_alpha"": 0.1, ""reg_lambda"": 2.0, ""subsample"": 1.0}"
tuned_combined,combined,13,3,0.860394088679185,1,20,21,25,"{""colsample_bytree"": 0.95, ""gamma"": 0.1, ""learning_rate"": 0.03, ""max_depth"": 4, ""min_child_weight"": 3, ""n_estimators"": 200, ""reg_alpha"": 0.1, ""reg_lambda"": 2.0, ""subsample"": 1.0}"
tuned_combined,combined,13,4,0.9565491147463119,1,25,26,30,"{""colsample_bytree"": 0.95, ""gamma"": 0.1, ""learning_rate"": 0.03, ""max_depth"": 4, ""min_child_weight"": 3, ""n_estimators"": 200, ""reg_alpha"": 0.1, ""reg_lambda"": 2.0, ""subsample"": 1.0}"
tuned_combined,combined,14,1,0.9953413927756237,1,10,11,15,"{""colsample_bytree"": 0.65, ""gamma"": 0.5, ""learning_rate"": 0.02, ""max_depth"": 5, ""min_child_weight"": 5, ""n_estimators"": 300, ""reg_alpha"": 0.05, ""reg_lambda"": 2.0, ""subsample"": 0.95}"
tuned_combined,combined,14,2,0.9495529799042894,1,15,16,20,"{""colsample_bytree"": 0.65, ""gamma"": 0.5, ""learning_rate"": 0.02, ""max_depth"": 5, ""min_child_weight"": 5, ""n_estimators"": 300, ""reg_alpha"": 0.05, ""reg_lambda"": 2.0, ""subsample"": 0.95}"
tuned_combined,combined,14,3,0.8619198857209214,1,20,21,25,"{""colsample_bytree"": 0.65, ""gamma"": 0.5, ""learning_rate"": 0.02, ""max_depth"": 5, ""min_child_weight"": 5, ""n_estimators"": 300, ""reg_alpha"": 0.05, ""reg_lambda"": 2.0, ""subsample"": 0.95}"
tuned_combined,combined,14,4,0.9768912022486661,1,25,26,30,"{""colsample_bytree"": 0.65, ""gamma"": 0.5, ""learning_rate"": 0.02, ""max_depth"": 5, ""min_child_weight"": 5, ""n_estimators"": 300, ""reg_alpha"": 0.05, ""reg_lambda"": 2.0, ""subsample"": 0.95}"
tuned_combined,combined,15,1,0.9945534951340522,1,10,11,15,"{""colsample_bytree"": 0.65, ""gamma"": 0.0, ""learning_rate"": 0.08, ""max_depth"": 4, ""min_child_weight"": 1, ""n_estimators"": 400, ""reg_alpha"": 0.0, ""reg_lambda"": 1.0, ""subsample"": 0.65}"
tuned_combined,combined,15,2,0.9807645229464728,1,15,16,20,"{""colsample_bytree"": 0.65, ""gamma"": 0.0, ""learning_rate"": 0.08, ""max_depth"": 4, ""min_child_weight"": 1, ""n_estimators"": 400, ""reg_alpha"": 0.0, ""reg_lambda"": 1.0, ""subsample"": 0.65}"
tuned_combined,combined,15,3,0.8620378311878089,1,20,21,25,"{""colsample_bytree"": 0.65, ""gamma"": 0.0, ""learning_rate"": 0.08, ""max_depth"": 4, ""min_child_weight"": 1, ""n_estimators"": 400, ""reg_alpha"": 0.0, ""reg_lambda"": 1.0, ""subsample"": 0.65}"
tuned_combined,combined,15,4,0.9869185224806575,1,25,26,30,"{""colsample_bytree"": 0.65, ""gamma"": 0.0, ""learning_rate"": 0.08, ""max_depth"": 4, ""min_child_weight"": 1, ""n_estimators"": 400, ""reg_alpha"": 0.0, ""reg_lambda"": 1.0, ""subsample"": 0.65}"
tuned_combined,combined,16,1,0.9952133293895886,1,10,11,15,"{""colsample_bytree"": 0.75, ""gamma"": 0.05, ""learning_rate"": 0.05, ""max_depth"": 8, ""min_child_weight"": 10, ""n_estimators"": 100, ""reg_alpha"": 0.1, ""reg_lambda"": 0.5, ""subsample"": 0.85}"
tuned_combined,combined,16,2,0.9709681679129787,1,15,16,20,"{""colsample_bytree"": 0.75, ""gamma"": 0.05, ""learning_rate"": 0.05, ""max_depth"": 8, ""min_child_weight"": 10, ""n_estimators"": 100, ""reg_alpha"": 0.1, ""reg_lambda"": 0.5, ""subsample"": 0.85}"
tuned_combined,combined,16,3,0.8641356003126729,1,20,21,25,"{""colsample_bytree"": 0.75, ""gamma"": 0.05, ""learning_rate"": 0.05, ""max_depth"": 8, ""min_child_weight"": 10, ""n_estimators"": 100, ""reg_alpha"": 0.1, ""reg_lambda"": 0.5, ""subsample"": 0.85}"
tuned_combined,combined,16,4,0.9781522302297488,1,25,26,30,"{""colsample_bytree"": 0.75, ""gamma"": 0.05, ""learning_rate"": 0.05, ""max_depth"": 8, ""min_child_weight"": 10, ""n_estimators"": 100, ""reg_alpha"": 0.1, ""reg_lambda"": 0.5, ""subsample"": 0.85}"
tuned_combined,combined,17,1,0.9905302714821753,1,10,11,15,"{""colsample_bytree"": 0.75, ""gamma"": 0.1, ""learning_rate"": 0.03, ""max_depth"": 3, ""min_child_weight"": 5, ""n_estimators"": 100, ""reg_alpha"": 1.0, ""reg_lambda"": 0.5, ""subsample"": 0.65}"
tuned_combined,combined,17,2,0.9090072200709184,1,15,16,20,"{""colsample_bytree"": 0.75, ""gamma"": 0.1, ""learning_rate"": 0.03, ""max_depth"": 3, ""min_child_weight"": 5, ""n_estimators"": 100, ""reg_alpha"": 1.0, ""reg_lambda"": 0.5, ""subsample"": 0.65}"
tuned_combined,combined,17,3,0.8236426131430132,1,20,21,25,"{""colsample_bytree"": 0.75, ""gamma"": 0.1, ""learning_rate"": 0.03, ""max_depth"": 3, ""min_child_weight"": 5, ""n_estimators"": 100, ""reg_alpha"": 1.0, ""reg_lambda"": 0.5, ""subsample"": 0.65}"
tuned_combined,combined,17,4,0.9119425033960925,1,25,26,30,"{""colsample_bytree"": 0.75, ""gamma"": 0.1, ""learning_rate"": 0.03, ""max_depth"": 3, ""min_child_weight"": 5, ""n_estimators"": 100, ""reg_alpha"": 1.0, ""reg_lambda"": 0.5, ""subsample"": 0.65}"
tuned_combined,combined,18,1,0.994801512019864,1,10,11,15,"{""colsample_bytree"": 0.75, ""gamma"": 0.05, ""learning_rate"": 0.1, ""max_depth"": 5, ""min_child_weight"": 1, ""n_estimators"": 250, ""reg_alpha"": 0.5, ""reg_lambda"": 3.0, ""subsample"": 0.75}"
tuned_combined,combined,18,2,0.9786740633017024,1,15,16,20,"{""colsample_bytree"": 0.75, ""gamma"": 0.05, ""learning_rate"": 0.1, ""max_depth"": 5, ""min_child_weight"": 1, ""n_estimators"": 250, ""reg_alpha"": 0.5, ""reg_lambda"": 3.0, ""subsample"": 0.75}"
tuned_combined,combined,18,3,0.8571372322133725,1,20,21,25,"{""colsample_bytree"": 0.75, ""gamma"": 0.05, ""learning_rate"": 0.1, ""max_depth"": 5, ""min_child_weight"": 1, ""n_estimators"": 250, ""reg_alpha"": 0.5, ""reg_lambda"": 3.0, ""subsample"": 0.75}"
tuned_combined,combined,18,4,0.985331472809349,1,25,26,30,"{""colsample_bytree"": 0.75, ""gamma"": 0.05, ""learning_rate"": 0.1, ""max_depth"": 5, ""min_child_weight"": 1, ""n_estimators"": 250, ""reg_alpha"": 0.5, ""reg_lambda"": 3.0, ""subsample"": 0.75}"
tuned_combined,combined,19,1,0.9941413134940951,1,10,11,15,"{""colsample_bytree"": 0.65, ""gamma"": 0.5, ""learning_rate"": 0.1, ""max_depth"": 4, ""min_child_weight"": 8, ""n_estimators"": 400, ""reg_alpha"": 0.25, ""reg_lambda"": 2.0, ""subsample"": 0.65}"
tuned_combined,combined,19,2,0.9786656345906153,1,15,16,20,"{""colsample_bytree"": 0.65, ""gamma"": 0.5, ""learning_rate"": 0.1, ""max_depth"": 4, ""min_child_weight"": 8, ""n_estimators"": 400, ""reg_alpha"": 0.25, ""reg_lambda"": 2.0, ""subsample"": 0.65}"
tuned_combined,combined,19,3,0.8546034663146255,1,20,21,25,"{""colsample_bytree"": 0.65, ""gamma"": 0.5, ""learning_rate"": 0.1, ""max_depth"": 4, ""min_child_weight"": 8, ""n_estimators"": 400, ""reg_alpha"": 0.25, ""reg_lambda"": 2.0, ""subsample"": 0.65}"
tuned_combined,combined,19,4,0.986155370967562,1,25,26,30,"{""colsample_bytree"": 0.65, ""gamma"": 0.5, ""learning_rate"": 0.1, ""max_depth"": 4, ""min_child_weight"": 8, ""n_estimators"": 400, ""reg_alpha"": 0.25, ""reg_lambda"": 2.0, ""subsample"": 0.65}"
tuned_combined,combined,20,1,0.9953245398765967,1,10,11,15,"{""colsample_bytree"": 0.85, ""gamma"": 0.05, ""learning_rate"": 0.08, ""max_depth"": 6, ""min_child_weight"": 3, ""n_estimators"": 150, ""reg_alpha"": 1.0, ""reg_lambda"": 1.0, ""subsample"": 0.85}"
tuned_combined,combined,20,2,0.973693105578186,1,15,16,20,"{""colsample_bytree"": 0.85, ""gamma"": 0.05, ""learning_rate"": 0.08, ""max_depth"": 6, ""min_child_weight"": 3, ""n_estimators"": 150, ""reg_alpha"": 1.0, ""reg_lambda"": 1.0, ""subsample"": 0.85}"
tuned_combined,combined,20,3,0.8563840404546074,1,20,21,25,"{""colsample_bytree"": 0.85, ""gamma"": 0.05, ""learning_rate"": 0.08, ""max_depth"": 6, ""min_child_weight"": 3, ""n_estimators"": 150, ""reg_alpha"": 1.0, ""reg_lambda"": 1.0, ""subsample"": 0.85}"
tuned_combined,combined,20,4,0.9848486174950326,1,25,26,30,"{""colsample_bytree"": 0.85, ""gamma"": 0.05, ""learning_rate"": 0.08, ""max_depth"": 6, ""min_child_weight"": 3, ""n_estimators"": 150, ""reg_alpha"": 1.0, ""reg_lambda"": 1.0, ""subsample"": 0.85}"
tuned_combined_with_snapshot_size,combined_with_snapshot_size,1,1,0.994957159494543,1,10,11,15,"{""colsample_bytree"": 0.75, ""gamma"": 0.25, ""learning_rate"": 0.1, ""max_depth"": 4, ""min_child_weight"": 3, ""n_estimators"": 300, ""reg_alpha"": 1.0, ""reg_lambda"": 2.0, ""subsample"": 0.95}"
tuned_combined_with_snapshot_size,combined_with_snapshot_size,1,2,0.9758733969691648,1,15,16,20,"{""colsample_bytree"": 0.75, ""gamma"": 0.25, ""learning_rate"": 0.1, ""max_depth"": 4, ""min_child_weight"": 3, ""n_estimators"": 300, ""reg_alpha"": 1.0, ""reg_lambda"": 2.0, ""subsample"": 0.95}"
tuned_combined_with_snapshot_size,combined_with_snapshot_size,1,3,0.86261727109246,1,20,21,25,"{""colsample_bytree"": 0.75, ""gamma"": 0.25, ""learning_rate"": 0.1, ""max_depth"": 4, ""min_child_weight"": 3, ""n_estimators"": 300, ""reg_alpha"": 1.0, ""reg_lambda"": 2.0, ""subsample"": 0.95}"
tuned_combined_with_snapshot_size,combined_with_snapshot_size,1,4,0.9890633389266628,1,25,26,30,"{""colsample_bytree"": 0.75, ""gamma"": 0.25, ""learning_rate"": 0.1, ""max_depth"": 4, ""min_child_weight"": 3, ""n_estimators"": 300, ""reg_alpha"": 1.0, ""reg_lambda"": 2.0, ""subsample"": 0.95}"
tuned_combined_with_snapshot_size,combined_with_snapshot_size,2,1,0.995441506252038,1,10,11,15,"{""colsample_bytree"": 1.0, ""gamma"": 0.1, ""learning_rate"": 0.02, ""max_depth"": 8, ""min_child_weight"": 1, ""n_estimators"": 400, ""reg_alpha"": 0.0, ""reg_lambda"": 3.0, ""subsample"": 0.85}"
tuned_combined_with_snapshot_size,combined_with_snapshot_size,2,2,0.9690581890046231,1,15,16,20,"{""colsample_bytree"": 1.0, ""gamma"": 0.1, ""learning_rate"": 0.02, ""max_depth"": 8, ""min_child_weight"": 1, ""n_estimators"": 400, ""reg_alpha"": 0.0, ""reg_lambda"": 3.0, ""subsample"": 0.85}"
tuned_combined_with_snapshot_size,combined_with_snapshot_size,2,3,0.8579406888060986,1,20,21,25,"{""colsample_bytree"": 1.0, ""gamma"": 0.1, ""learning_rate"": 0.02, ""max_depth"": 8, ""min_child_weight"": 1, ""n_estimators"": 400, ""reg_alpha"": 0.0, ""reg_lambda"": 3.0, ""subsample"": 0.85}"
tuned_combined_with_snapshot_size,combined_with_snapshot_size,2,4,0.9784586953895539,1,25,26,30,"{""colsample_bytree"": 1.0, ""gamma"": 0.1, ""learning_rate"": 0.02, ""max_depth"": 8, ""min_child_weight"": 1, ""n_estimators"": 400, ""reg_alpha"": 0.0, ""reg_lambda"": 3.0, ""subsample"": 0.85}"
tuned_combined_with_snapshot_size,combined_with_snapshot_size,3,1,0.9949438703326245,1,10,11,15,"{""colsample_bytree"": 0.85, ""gamma"": 0.05, ""learning_rate"": 0.05, ""max_depth"": 8, ""min_child_weight"": 8, ""n_estimators"": 300, ""reg_alpha"": 0.25, ""reg_lambda"": 1.5, ""subsample"": 1.0}"
tuned_combined_with_snapshot_size,combined_with_snapshot_size,3,2,0.9754392085596127,1,15,16,20,"{""colsample_bytree"": 0.85, ""gamma"": 0.05, ""learning_rate"": 0.05, ""max_depth"": 8, ""min_child_weight"": 8, ""n_estimators"": 300, ""reg_alpha"": 0.25, ""reg_lambda"": 1.5, ""subsample"": 1.0}"
tuned_combined_with_snapshot_size,combined_with_snapshot_size,3,3,0.8678951901150712,1,20,21,25,"{""colsample_bytree"": 0.85, ""gamma"": 0.05, ""learning_rate"": 0.05, ""max_depth"": 8, ""min_child_weight"": 8, ""n_estimators"": 300, ""reg_alpha"": 0.25, ""reg_lambda"": 1.5, ""subsample"": 1.0}"
tuned_combined_with_snapshot_size,combined_with_snapshot_size,3,4,0.9842395745884843,1,25,26,30,"{""colsample_bytree"": 0.85, ""gamma"": 0.05, ""learning_rate"": 0.05, ""max_depth"": 8, ""min_child_weight"": 8, ""n_estimators"": 300, ""reg_alpha"": 0.25, ""reg_lambda"": 1.5, ""subsample"": 1.0}"
tuned_combined_with_snapshot_size,combined_with_snapshot_size,4,1,0.9943448814704733,1,10,11,15,"{""colsample_bytree"": 0.75, ""gamma"": 0.25, ""learning_rate"": 0.02, ""max_depth"": 5, ""min_child_weight"": 8, ""n_estimators"": 200, ""reg_alpha"": 0.5, ""reg_lambda"": 1.0, ""subsample"": 0.75}"
tuned_combined_with_snapshot_size,combined_with_snapshot_size,4,2,0.9385955260085493,1,15,16,20,"{""colsample_bytree"": 0.75, ""gamma"": 0.25, ""learning_rate"": 0.02, ""max_depth"": 5, ""min_child_weight"": 8, ""n_estimators"": 200, ""reg_alpha"": 0.5, ""reg_lambda"": 1.0, ""subsample"": 0.75}"
tuned_combined_with_snapshot_size,combined_with_snapshot_size,4,3,0.8484885782954047,1,20,21,25,"{""colsample_bytree"": 0.75, ""gamma"": 0.25, ""learning_rate"": 0.02, ""max_depth"": 5, ""min_child_weight"": 8, ""n_estimators"": 200, ""reg_alpha"": 0.5, ""reg_lambda"": 1.0, ""subsample"": 0.75}"
tuned_combined_with_snapshot_size,combined_with_snapshot_size,4,4,0.9601689517832241,1,25,26,30,"{""colsample_bytree"": 0.75, ""gamma"": 0.25, ""learning_rate"": 0.02, ""max_depth"": 5, ""min_child_weight"": 8, ""n_estimators"": 200, ""reg_alpha"": 0.5, ""reg_lambda"": 1.0, ""subsample"": 0.75}"
tuned_combined_with_snapshot_size,combined_with_snapshot_size,5,1,0.9947919552665859,1,10,11,15,"{""colsample_bytree"": 0.75, ""gamma"": 0.0, ""learning_rate"": 0.15, ""max_depth"": 3, ""min_child_weight"": 3, ""n_estimators"": 150, ""reg_alpha"": 0.5, ""reg_lambda"": 3.0, ""subsample"": 1.0}"
tuned_combined_with_snapshot_size,combined_with_snapshot_size,5,2,0.9729432234539303,1,15,16,20,"{""colsample_bytree"": 0.75, ""gamma"": 0.0, ""learning_rate"": 0.15, ""max_depth"": 3, ""min_child_weight"": 3, ""n_estimators"": 150, ""reg_alpha"": 0.5, ""reg_lambda"": 3.0, ""subsample"": 1.0}"
tuned_combined_with_snapshot_size,combined_with_snapshot_size,5,3,0.8579188609574484,1,20,21,25,"{""colsample_bytree"": 0.75, ""gamma"": 0.0, ""learning_rate"": 0.15, ""max_depth"": 3, ""min_child_weight"": 3, ""n_estimators"": 150, ""reg_alpha"": 0.5, ""reg_lambda"": 3.0, ""subsample"": 1.0}"
tuned_combined_with_snapshot_size,combined_with_snapshot_size,5,4,0.9725962674984939,1,25,26,30,"{""colsample_bytree"": 0.75, ""gamma"": 0.0, ""learning_rate"": 0.15, ""max_depth"": 3, ""min_child_weight"": 3, ""n_estimators"": 150, ""reg_alpha"": 0.5, ""reg_lambda"": 3.0, ""subsample"": 1.0}"
tuned_combined_with_snapshot_size,combined_with_snapshot_size,6,1,0.9949803156550262,1,10,11,15,"{""colsample_bytree"": 1.0, ""gamma"": 0.0, ""learning_rate"": 0.1, ""max_depth"": 8, ""min_child_weight"": 1, ""n_estimators"": 150, ""reg_alpha"": 1.0, ""reg_lambda"": 1.5, ""subsample"": 0.85}"
tuned_combined_with_snapshot_size,combined_with_snapshot_size,6,2,0.9760150364416091,1,15,16,20,"{""colsample_bytree"": 1.0, ""gamma"": 0.0, ""learning_rate"": 0.1, ""max_depth"": 8, ""min_child_weight"": 1, ""n_estimators"": 150, ""reg_alpha"": 1.0, ""reg_lambda"": 1.5, ""subsample"": 0.85}"
tuned_combined_with_snapshot_size,combined_with_snapshot_size,6,3,0.8578970292653895,1,20,21,25,"{""colsample_bytree"": 1.0, ""gamma"": 0.0, ""learning_rate"": 0.1, ""max_depth"": 8, ""min_child_weight"": 1, ""n_estimators"": 150, ""reg_alpha"": 1.0, ""reg_lambda"": 1.5, ""subsample"": 0.85}"
tuned_combined_with_snapshot_size,combined_with_snapshot_size,6,4,0.9834863762406194,1,25,26,30,"{""colsample_bytree"": 1.0, ""gamma"": 0.0, ""learning_rate"": 0.1, ""max_depth"": 8, ""min_child_weight"": 1, ""n_estimators"": 150, ""reg_alpha"": 1.0, ""reg_lambda"": 1.5, ""subsample"": 0.85}"
tuned_combined_with_snapshot_size,combined_with_snapshot_size,7,1,0.9951256089356374,1,10,11,15,"{""colsample_bytree"": 0.75, ""gamma"": 0.05, ""learning_rate"": 0.05, ""max_depth"": 4, ""min_child_weight"": 5, ""n_estimators"": 300, ""reg_alpha"": 0.0, ""reg_lambda"": 1.5, ""subsample"": 0.75}"
tuned_combined_with_snapshot_size,combined_with_snapshot_size,7,2,0.9782003162701824,1,15,16,20,"{""colsample_bytree"": 0.75, ""gamma"": 0.05, ""learning_rate"": 0.05, ""max_depth"": 4, ""min_child_weight"": 5, ""n_estimators"": 300, ""reg_alpha"": 0.0, ""reg_lambda"": 1.5, ""subsample"": 0.75}"
tuned_combined_with_snapshot_size,combined_with_snapshot_size,7,3,0.8672852245485467,1,20,21,25,"{""colsample_bytree"": 0.75, ""gamma"": 0.05, ""learning_rate"": 0.05, ""max_depth"": 4, ""min_child_weight"": 5, ""n_estimators"": 300, ""reg_alpha"": 0.0, ""reg_lambda"": 1.5, ""subsample"": 0.75}"
tuned_combined_with_snapshot_size,combined_with_snapshot_size,7,4,0.9847341490238036,1,25,26,30,"{""colsample_bytree"": 0.75, ""gamma"": 0.05, ""learning_rate"": 0.05, ""max_depth"": 4, ""min_child_weight"": 5, ""n_estimators"": 300, ""reg_alpha"": 0.0, ""reg_lambda"": 1.5, ""subsample"": 0.75}"
tuned_combined_with_snapshot_size,combined_with_snapshot_size,8,1,0.9921573850760725,1,10,11,15,"{""colsample_bytree"": 1.0, ""gamma"": 0.25, ""learning_rate"": 0.02, ""max_depth"": 3, ""min_child_weight"": 2, ""n_estimators"": 200, ""reg_alpha"": 0.1, ""reg_lambda"": 3.0, ""subsample"": 0.75}"
tuned_combined_with_snapshot_size,combined_with_snapshot_size,8,2,0.9571761086926772,1,15,16,20,"{""colsample_bytree"": 1.0, ""gamma"": 0.25, ""learning_rate"": 0.02, ""max_depth"": 3, ""min_child_weight"": 2, ""n_estimators"": 200, ""reg_alpha"": 0.1, ""reg_lambda"": 3.0, ""subsample"": 0.75}"
tuned_combined_with_snapshot_size,combined_with_snapshot_size,8,3,0.8327656330284058,1,20,21,25,"{""colsample_bytree"": 1.0, ""gamma"": 0.25, ""learning_rate"": 0.02, ""max_depth"": 3, ""min_child_weight"": 2, ""n_estimators"": 200, ""reg_alpha"": 0.1, ""reg_lambda"": 3.0, ""subsample"": 0.75}"
tuned_combined_with_snapshot_size,combined_with_snapshot_size,8,4,0.9307674917907046,1,25,26,30,"{""colsample_bytree"": 1.0, ""gamma"": 0.25, ""learning_rate"": 0.02, ""max_depth"": 3, ""min_child_weight"": 2, ""n_estimators"": 200, ""reg_alpha"": 0.1, ""reg_lambda"": 3.0, ""subsample"": 0.75}"
tuned_combined_with_snapshot_size,combined_with_snapshot_size,9,1,0.9947205691175802,1,10,11,15,"{""colsample_bytree"": 0.85, ""gamma"": 0.0, ""learning_rate"": 0.15, ""max_depth"": 8, ""min_child_weight"": 10, ""n_estimators"": 300, ""reg_alpha"": 1.0, ""reg_lambda"": 2.0, ""subsample"": 0.85}"
tuned_combined_with_snapshot_size,combined_with_snapshot_size,9,2,0.9796342093009236,1,15,16,20,"{""colsample_bytree"": 0.85, ""gamma"": 0.0, ""learning_rate"": 0.15, ""max_depth"": 8, ""min_child_weight"": 10, ""n_estimators"": 300, ""reg_alpha"": 1.0, ""reg_lambda"": 2.0, ""subsample"": 0.85}"
tuned_combined_with_snapshot_size,combined_with_snapshot_size,9,3,0.8748596552093792,1,20,21,25,"{""colsample_bytree"": 0.85, ""gamma"": 0.0, ""learning_rate"": 0.15, ""max_depth"": 8, ""min_child_weight"": 10, ""n_estimators"": 300, ""reg_alpha"": 1.0, ""reg_lambda"": 2.0, ""subsample"": 0.85}"
tuned_combined_with_snapshot_size,combined_with_snapshot_size,9,4,0.9855180716325876,1,25,26,30,"{""colsample_bytree"": 0.85, ""gamma"": 0.0, ""learning_rate"": 0.15, ""max_depth"": 8, ""min_child_weight"": 10, ""n_estimators"": 300, ""reg_alpha"": 1.0, ""reg_lambda"": 2.0, ""subsample"": 0.85}"
tuned_combined_with_snapshot_size,combined_with_snapshot_size,10,1,0.9943319772194227,1,10,11,15,"{""colsample_bytree"": 1.0, ""gamma"": 0.25, ""learning_rate"": 0.03, ""max_depth"": 6, ""min_child_weight"": 8, ""n_estimators"": 150, ""reg_alpha"": 0.5, ""reg_lambda"": 2.0, ""subsample"": 1.0}"
tuned_combined_with_snapshot_size,combined_with_snapshot_size,10,2,0.8801290259022818,1,15,16,20,"{""colsample_bytree"": 1.0, ""gamma"": 0.25, ""learning_rate"": 0.03, ""max_depth"": 6, ""min_child_weight"": 8, ""n_estimators"": 150, ""reg_alpha"": 0.5, ""reg_lambda"": 2.0, ""subsample"": 1.0}"
tuned_combined_with_snapshot_size,combined_with_snapshot_size,10,3,0.8577745325138113,1,20,21,25,"{""colsample_bytree"": 1.0, ""gamma"": 0.25, ""learning_rate"": 0.03, ""max_depth"": 6, ""min_child_weight"": 8, ""n_estimators"": 150, ""reg_alpha"": 0.5, ""reg_lambda"": 2.0, ""subsample"": 1.0}"
tuned_combined_with_snapshot_size,combined_with_snapshot_size,10,4,0.965511827491893,1,25,26,30,"{""colsample_bytree"": 1.0, ""gamma"": 0.25, ""learning_rate"": 0.03, ""max_depth"": 6, ""min_child_weight"": 8, ""n_estimators"": 150, ""reg_alpha"": 0.5, ""reg_lambda"": 2.0, ""subsample"": 1.0}"
tuned_combined_with_snapshot_size,combined_with_snapshot_size,11,1,0.9941457724339119,1,10,11,15,"{""colsample_bytree"": 0.75, ""gamma"": 0.5, ""learning_rate"": 0.02, ""max_depth"": 6, ""min_child_weight"": 2, ""n_estimators"": 150, ""reg_alpha"": 0.05, ""reg_lambda"": 2.0, ""subsample"": 0.75}"
tuned_combined_with_snapshot_size,combined_with_snapshot_size,11,2,0.8873906145321122,1,15,16,20,"{""colsample_bytree"": 0.75, ""gamma"": 0.5, ""learning_rate"": 0.02, ""max_depth"": 6, ""min_child_weight"": 2, ""n_estimators"": 150, ""reg_alpha"": 0.05, ""reg_lambda"": 2.0, ""subsample"": 0.75}"
tuned_combined_with_snapshot_size,combined_with_snapshot_size,11,3,0.8395496348805359,1,20,21,25,"{""colsample_bytree"": 0.75, ""gamma"": 0.5, ""learning_rate"": 0.02, ""max_depth"": 6, ""min_child_weight"": 2, ""n_estimators"": 150, ""reg_alpha"": 0.05, ""reg_lambda"": 2.0, ""subsample"": 0.75}"
tuned_combined_with_snapshot_size,combined_with_snapshot_size,11,4,0.9544944816977077,1,25,26,30,"{""colsample_bytree"": 0.75, ""gamma"": 0.5, ""learning_rate"": 0.02, ""max_depth"": 6, ""min_child_weight"": 2, ""n_estimators"": 150, ""reg_alpha"": 0.05, ""reg_lambda"": 2.0, ""subsample"": 0.75}"
tuned_combined_with_snapshot_size,combined_with_snapshot_size,12,1,0.9952710804795739,1,10,11,15,"{""colsample_bytree"": 1.0, ""gamma"": 0.25, ""learning_rate"": 0.03, ""max_depth"": 6, ""min_child_weight"": 2, ""n_estimators"": 300, ""reg_alpha"": 0.1, ""reg_lambda"": 3.0, ""subsample"": 0.95}"
tuned_combined_with_snapshot_size,combined_with_snapshot_size,12,2,0.9548279232629249,1,15,16,20,"{""colsample_bytree"": 1.0, ""gamma"": 0.25, ""learning_rate"": 0.03, ""max_depth"": 6, ""min_child_weight"": 2, ""n_estimators"": 300, ""reg_alpha"": 0.1, ""reg_lambda"": 3.0, ""subsample"": 0.95}"
tuned_combined_with_snapshot_size,combined_with_snapshot_size,12,3,0.8678297408869089,1,20,21,25,"{""colsample_bytree"": 1.0, ""gamma"": 0.25, ""learning_rate"": 0.03, ""max_depth"": 6, ""min_child_weight"": 2, ""n_estimators"": 300, ""reg_alpha"": 0.1, ""reg_lambda"": 3.0, ""subsample"": 0.95}"
tuned_combined_with_snapshot_size,combined_with_snapshot_size,12,4,0.9798147802454829,1,25,26,30,"{""colsample_bytree"": 1.0, ""gamma"": 0.25, ""learning_rate"": 0.03, ""max_depth"": 6, ""min_child_weight"": 2, ""n_estimators"": 300, ""reg_alpha"": 0.1, ""reg_lambda"": 3.0, ""subsample"": 0.95}"
tuned_combined_with_snapshot_size,combined_with_snapshot_size,13,1,0.9941273440140421,1,10,11,15,"{""colsample_bytree"": 0.95, ""gamma"": 0.1, ""learning_rate"": 0.03, ""max_depth"": 4, ""min_child_weight"": 3, ""n_estimators"": 200, ""reg_alpha"": 0.1, ""reg_lambda"": 2.0, ""subsample"": 1.0}"
tuned_combined_with_snapshot_size,combined_with_snapshot_size,13,2,0.9385389867835608,1,15,16,20,"{""colsample_bytree"": 0.95, ""gamma"": 0.1, ""learning_rate"": 0.03, ""max_depth"": 4, ""min_child_weight"": 3, ""n_estimators"": 200, ""reg_alpha"": 0.1, ""reg_lambda"": 2.0, ""subsample"": 1.0}"
tuned_combined_with_snapshot_size,combined_with_snapshot_size,13,3,0.8618816891800661,1,20,21,25,"{""colsample_bytree"": 0.95, ""gamma"": 0.1, ""learning_rate"": 0.03, ""max_depth"": 4, ""min_child_weight"": 3, ""n_estimators"": 200, ""reg_alpha"": 0.1, ""reg_lambda"": 2.0, ""subsample"": 1.0}"
tuned_combined_with_snapshot_size,combined_with_snapshot_size,13,4,0.9586820736552281,1,25,26,30,"{""colsample_bytree"": 0.95, ""gamma"": 0.1, ""learning_rate"": 0.03, ""max_depth"": 4, ""min_child_weight"": 3, ""n_estimators"": 200, ""reg_alpha"": 0.1, ""reg_lambda"": 2.0, ""subsample"": 1.0}"
tuned_combined_with_snapshot_size,combined_with_snapshot_size,14,1,0.9953279029633592,1,10,11,15,"{""colsample_bytree"": 0.65, ""gamma"": 0.5, ""learning_rate"": 0.02, ""max_depth"": 5, ""min_child_weight"": 5, ""n_estimators"": 300, ""reg_alpha"": 0.05, ""reg_lambda"": 2.0, ""subsample"": 0.95}"
tuned_combined_with_snapshot_size,combined_with_snapshot_size,14,2,0.9510090967248125,1,15,16,20,"{""colsample_bytree"": 0.65, ""gamma"": 0.5, ""learning_rate"": 0.02, ""max_depth"": 5, ""min_child_weight"": 5, ""n_estimators"": 300, ""reg_alpha"": 0.05, ""reg_lambda"": 2.0, ""subsample"": 0.95}"
tuned_combined_with_snapshot_size,combined_with_snapshot_size,14,3,0.8609912081438631,1,20,21,25,"{""colsample_bytree"": 0.65, ""gamma"": 0.5, ""learning_rate"": 0.02, ""max_depth"": 5, ""min_child_weight"": 5, ""n_estimators"": 300, ""reg_alpha"": 0.05, ""reg_lambda"": 2.0, ""subsample"": 0.95}"
tuned_combined_with_snapshot_size,combined_with_snapshot_size,14,4,0.9761474166091101,1,25,26,30,"{""colsample_bytree"": 0.65, ""gamma"": 0.5, ""learning_rate"": 0.02, ""max_depth"": 5, ""min_child_weight"": 5, ""n_estimators"": 300, ""reg_alpha"": 0.05, ""reg_lambda"": 2.0, ""subsample"": 0.95}"
tuned_combined_with_snapshot_size,combined_with_snapshot_size,15,1,0.9948509447041337,1,10,11,15,"{""colsample_bytree"": 0.65, ""gamma"": 0.0, ""learning_rate"": 0.08, ""max_depth"": 4, ""min_child_weight"": 1, ""n_estimators"": 400, ""reg_alpha"": 0.0, ""reg_lambda"": 1.0, ""subsample"": 0.65}"
tuned_combined_with_snapshot_size,combined_with_snapshot_size,15,2,0.9799166805563875,1,15,16,20,"{""colsample_bytree"": 0.65, ""gamma"": 0.0, ""learning_rate"": 0.08, ""max_depth"": 4, ""min_child_weight"": 1, ""n_estimators"": 400, ""reg_alpha"": 0.0, ""reg_lambda"": 1.0, ""subsample"": 0.65}"
tuned_combined_with_snapshot_size,combined_with_snapshot_size,15,3,0.8571863695598354,1,20,21,25,"{""colsample_bytree"": 0.65, ""gamma"": 0.0, ""learning_rate"": 0.08, ""max_depth"": 4, ""min_child_weight"": 1, ""n_estimators"": 400, ""reg_alpha"": 0.0, ""reg_lambda"": 1.0, ""subsample"": 0.65}"
tuned_combined_with_snapshot_size,combined_with_snapshot_size,15,4,0.9899109823180985,1,25,26,30,"{""colsample_bytree"": 0.65, ""gamma"": 0.0, ""learning_rate"": 0.08, ""max_depth"": 4, ""min_child_weight"": 1, ""n_estimators"": 400, ""reg_alpha"": 0.0, ""reg_lambda"": 1.0, ""subsample"": 0.65}"
tuned_combined_with_snapshot_size,combined_with_snapshot_size,16,1,0.9950870060447998,1,10,11,15,"{""colsample_bytree"": 0.75, ""gamma"": 0.05, ""learning_rate"": 0.05, ""max_depth"": 8, ""min_child_weight"": 10, ""n_estimators"": 100, ""reg_alpha"": 0.1, ""reg_lambda"": 0.5, ""subsample"": 0.85}"
tuned_combined_with_snapshot_size,combined_with_snapshot_size,16,2,0.9727077893328212,1,15,16,20,"{""colsample_bytree"": 0.75, ""gamma"": 0.05, ""learning_rate"": 0.05, ""max_depth"": 8, ""min_child_weight"": 10, ""n_estimators"": 100, ""reg_alpha"": 0.1, ""reg_lambda"": 0.5, ""subsample"": 0.85}"
tuned_combined_with_snapshot_size,combined_with_snapshot_size,16,3,0.8641413464921466,1,20,21,25,"{""colsample_bytree"": 0.75, ""gamma"": 0.05, ""learning_rate"": 0.05, ""max_depth"": 8, ""min_child_weight"": 10, ""n_estimators"": 100, ""reg_alpha"": 0.1, ""reg_lambda"": 0.5, ""subsample"": 0.85}"
tuned_combined_with_snapshot_size,combined_with_snapshot_size,16,4,0.9778438547536962,1,25,26,30,"{""colsample_bytree"": 0.75, ""gamma"": 0.05, ""learning_rate"": 0.05, ""max_depth"": 8, ""min_child_weight"": 10, ""n_estimators"": 100, ""reg_alpha"": 0.1, ""reg_lambda"": 0.5, ""subsample"": 0.85}"
tuned_combined_with_snapshot_size,combined_with_snapshot_size,17,1,0.990628117604604,1,10,11,15,"{""colsample_bytree"": 0.75, ""gamma"": 0.1, ""learning_rate"": 0.03, ""max_depth"": 3, ""min_child_weight"": 5, ""n_estimators"": 100, ""reg_alpha"": 1.0, ""reg_lambda"": 0.5, ""subsample"": 0.65}"
tuned_combined_with_snapshot_size,combined_with_snapshot_size,17,2,0.9035274839337482,1,15,16,20,"{""colsample_bytree"": 0.75, ""gamma"": 0.1, ""learning_rate"": 0.03, ""max_depth"": 3, ""min_child_weight"": 5, ""n_estimators"": 100, ""reg_alpha"": 1.0, ""reg_lambda"": 0.5, ""subsample"": 0.65}"
tuned_combined_with_snapshot_size,combined_with_snapshot_size,17,3,0.8256037921373833,1,20,21,25,"{""colsample_bytree"": 0.75, ""gamma"": 0.1, ""learning_rate"": 0.03, ""max_depth"": 3, ""min_child_weight"": 5, ""n_estimators"": 100, ""reg_alpha"": 1.0, ""reg_lambda"": 0.5, ""subsample"": 0.65}"
tuned_combined_with_snapshot_size,combined_with_snapshot_size,17,4,0.9140649536682891,1,25,26,30,"{""colsample_bytree"": 0.75, ""gamma"": 0.1, ""learning_rate"": 0.03, ""max_depth"": 3, ""min_child_weight"": 5, ""n_estimators"": 100, ""reg_alpha"": 1.0, ""reg_lambda"": 0.5, ""subsample"": 0.65}"
tuned_combined_with_snapshot_size,combined_with_snapshot_size,18,1,0.9951211673573738,1,10,11,15,"{""colsample_bytree"": 0.75, ""gamma"": 0.05, ""learning_rate"": 0.1, ""max_depth"": 5, ""min_child_weight"": 1, ""n_estimators"": 250, ""reg_alpha"": 0.5, ""reg_lambda"": 3.0, ""subsample"": 0.75}"
tuned_combined_with_snapshot_size,combined_with_snapshot_size,18,2,0.9789971661141194,1,15,16,20,"{""colsample_bytree"": 0.75, ""gamma"": 0.05, ""learning_rate"": 0.1, ""max_depth"": 5, ""min_child_weight"": 1, ""n_estimators"": 250, ""reg_alpha"": 0.5, ""reg_lambda"": 3.0, ""subsample"": 0.75}"
tuned_combined_with_snapshot_size,combined_with_snapshot_size,18,3,0.8568962127783163,1,20,21,25,"{""colsample_bytree"": 0.75, ""gamma"": 0.05, ""learning_rate"": 0.1, ""max_depth"": 5, ""min_child_weight"": 1, ""n_estimators"": 250, ""reg_alpha"": 0.5, ""reg_lambda"": 3.0, ""subsample"": 0.75}"
tuned_combined_with_snapshot_size,combined_with_snapshot_size,18,4,0.9874246845523807,1,25,26,30,"{""colsample_bytree"": 0.75, ""gamma"": 0.05, ""learning_rate"": 0.1, ""max_depth"": 5, ""min_child_weight"": 1, ""n_estimators"": 250, ""reg_alpha"": 0.5, ""reg_lambda"": 3.0, ""subsample"": 0.75}"
tuned_combined_with_snapshot_size,combined_with_snapshot_size,19,1,0.9940230976831195,1,10,11,15,"{""colsample_bytree"": 0.65, ""gamma"": 0.5, ""learning_rate"": 0.1, ""max_depth"": 4, ""min_child_weight"": 8, ""n_estimators"": 400, ""reg_alpha"": 0.25, ""reg_lambda"": 2.0, ""subsample"": 0.65}"
tuned_combined_with_snapshot_size,combined_with_snapshot_size,19,2,0.9777747188040579,1,15,16,20,"{""colsample_bytree"": 0.65, ""gamma"": 0.5, ""learning_rate"": 0.1, ""max_depth"": 4, ""min_child_weight"": 8, ""n_estimators"": 400, ""reg_alpha"": 0.25, ""reg_lambda"": 2.0, ""subsample"": 0.65}"
tuned_combined_with_snapshot_size,combined_with_snapshot_size,19,3,0.8534212679235459,1,20,21,25,"{""colsample_bytree"": 0.65, ""gamma"": 0.5, ""learning_rate"": 0.1, ""max_depth"": 4, ""min_child_weight"": 8, ""n_estimators"": 400, ""reg_alpha"": 0.25, ""reg_lambda"": 2.0, ""subsample"": 0.65}"
tuned_combined_with_snapshot_size,combined_with_snapshot_size,19,4,0.9860097959130657,1,25,26,30,"{""colsample_bytree"": 0.65, ""gamma"": 0.5, ""learning_rate"": 0.1, ""max_depth"": 4, ""min_child_weight"": 8, ""n_estimators"": 400, ""reg_alpha"": 0.25, ""reg_lambda"": 2.0, ""subsample"": 0.65}"
tuned_combined_with_snapshot_size,combined_with_snapshot_size,20,1,0.9953369140019594,1,10,11,15,"{""colsample_bytree"": 0.85, ""gamma"": 0.05, ""learning_rate"": 0.08, ""max_depth"": 6, ""min_child_weight"": 3, ""n_estimators"": 150, ""reg_alpha"": 1.0, ""reg_lambda"": 1.0, ""subsample"": 0.85}"
tuned_combined_with_snapshot_size,combined_with_snapshot_size,20,2,0.9712848597398618,1,15,16,20,"{""colsample_bytree"": 0.85, ""gamma"": 0.05, ""learning_rate"": 0.08, ""max_depth"": 6, ""min_child_weight"": 3, ""n_estimators"": 150, ""reg_alpha"": 1.0, ""reg_lambda"": 1.0, ""subsample"": 0.85}"
tuned_combined_with_snapshot_size,combined_with_snapshot_size,20,3,0.8603641329568702,1,20,21,25,"{""colsample_bytree"": 0.85, ""gamma"": 0.05, ""learning_rate"": 0.08, ""max_depth"": 6, ""min_child_weight"": 3, ""n_estimators"": 150, ""reg_alpha"": 1.0, ""reg_lambda"": 1.0, ""subsample"": 0.85}"
tuned_combined_with_snapshot_size,combined_with_snapshot_size,20,4,0.9828691390439223,1,25,26,30,"{""colsample_bytree"": 0.85, ""gamma"": 0.05, ""learning_rate"": 0.08, ""max_depth"": 6, ""min_child_weight"": 3, ""n_estimators"": 150, ""reg_alpha"": 1.0, ""reg_lambda"": 1.0, ""subsample"": 0.85}"
