Model,Feature_Set,Algorithm,PR-AUC,F1-Score,Precision,Recall
LR A (Dataset),Dataset,Logistic Regression,0.1504,0.1975,0.1107,0.916
LR B (Graph),Graph,Logistic Regression,0.0628,0.1307,0.0809,0.3397
LR C (Combined),Combined,Logistic Regression,0.1496,0.2069,0.117,0.895
RF A (Dataset),Dataset,Random Forest,0.6298,0.3932,0.2926,0.5992
RF B (Graph),Graph,Random Forest,0.0512,0.0916,0.0518,0.3931
RF C (Combined),Combined,Random Forest,0.633,0.4044,0.3046,0.6011
XGB A (Dataset),Dataset,XGBoost,0.6384,0.5303,0.4792,0.5935
XGB B (Graph),Graph,XGBoost,0.0701,0.0968,0.0547,0.4198
XGB C (Combined),Combined,XGBoost,0.6374,0.5258,0.4719,0.5935
