feature,importance_mean,importance_std
feature_148,0.06761937217331385,0.0028270179062472823
feature_143,0.05470035200251281,0.0019385940581357116
feature_149,0.04514612993338939,0.0022937718932039444
feature_119,0.044367385101907776,0.0017244022687913523
feature_109,0.043362956063168916,0.0031133673101412427
feature_52,0.03745081229982901,0.0029944210924506393
feature_142,0.0333639853634004,0.0009747399736726823
feature_89,0.032951993127140734,0.0036148100768445945
feature_145,0.03138247373075327,0.002354318587907848
feature_144,0.02579571689453609,0.003068692829726755
feature_77,0.025760660793800783,0.0030700967738645935
feature_155,0.024233800969794654,0.00209602193072142
feature_115,0.02399722326824403,0.0015063358412849015
feature_43,0.023425315382092464,0.0024491510820866106
feature_78,0.023237650581075645,0.0028093438774863424
feature_53,0.022323615456993302,0.00270799632824947
feature_92,0.021508016376599375,0.0016644952170544497
feature_47,0.021092576456360045,0.0023013448439973346
feature_40,0.020439951284319625,0.0027006881760629218
feature_79,0.020202609654027627,0.0026776003331292274
feature_41,0.019460015317572566,0.002198751910177103
feature_46,0.019305847281347596,0.002931696239884484
feature_49,0.01923947500506603,0.002506392114291034
feature_84,0.018821530583183137,0.002666590761018805
feature_93,0.018795004656800163,0.001699017473060499
feature_83,0.018418406460948986,0.0024972810060951115
feature_163,0.01812330671512543,0.0029400673236297217
feature_55,0.01785521354483708,0.0020134699674241394
feature_140,0.015748903852635533,0.0011193647698634526
feature_108,0.015378871858198057,0.0012000470651638204
feature_2,0.015206373271458056,0.0036719547857610516
feature_97,0.015203554559404494,0.0015884779635138614
feature_85,0.014993659674618562,0.0025172243985551444
feature_141,0.014051477135610571,0.0015869776319767232
feature_120,0.01399465269542823,0.0014032078721479746
feature_137,0.012229744745489685,0.001203294143623326
feature_118,0.01130160087895199,0.0014899022397589978
feature_146,0.011009644701870751,0.0011347602152894083
feature_80,0.010041326722274169,0.0009640758396506268
feature_45,0.009938463429271132,0.0021053853399733893
feature_1,0.009644168663260427,0.0027203670546603028
feature_94,0.008674382006291614,0.0016006787705655672
feature_117,0.00853897658475455,0.0010557760813352738
feature_28,0.008341868714492797,0.0030498931797547815
feature_22,0.008341858173477951,0.0030503208467521983
feature_128,0.008273959669404043,0.0007985849470580164
feature_81,0.008110048033777966,0.001028949144526475
feature_50,0.007446259212095238,0.0020771665027119438
feature_116,0.006770156964759974,0.0007487168342384433
feature_17,0.006755477917729469,0.002445932625997166
feature_18,0.006605588551602789,0.002058865570211957
feature_25,0.0063350011817091155,0.0023604488440994932
feature_31,0.006334547291710457,0.002360426619287191
feature_59,0.006302426293988084,0.0023209616252713914
feature_65,0.006299694552174243,0.0023205632759947517
feature_162,0.006202724756040301,0.0017732904099090688
feature_125,0.005814196750570507,0.001820962136056347
out_degree,0.005783571084493055,0.0009318742504992269
feature_88,0.0056943760589744956,0.0012303107084670464
feature_44,0.005488662998951621,0.0015019234427604922
total_degree,0.005343685004245186,0.000783155396331138
feature_69,0.005307656675302039,0.0006852631450974593
feature_23,0.005301706072715987,0.0019442084673259531
feature_29,0.005300265019416989,0.001943931994045342
feature_156,0.005287787006544675,0.0012847170514398544
feature_151,0.005224026377209654,0.0006698627221181897
feature_164,0.005142072006211171,0.0012136328775457725
feature_127,0.005136569303269653,0.0016060307401312439
feature_86,0.005112270327093185,0.0007170818323263869
feature_57,0.004992429378599989,0.0011048163504417524
feature_147,0.004881006418299377,0.0014444326712413692
feature_114,0.004658543126256931,0.0009135524649682332
feature_159,0.004561974569356064,0.0005397088169836486
feature_9,0.004374012158485855,0.0020345213360881726
feature_38,0.00410523299178038,0.001479868546163454
feature_101,0.00396219368345917,0.0003271951104840697
feature_4,0.003948373825416568,0.0013036043292981281
feature_19,0.003916146319655925,0.001289069466600619
feature_13,0.0038192676829638646,0.0010983919717705815
feature_68,0.0037029171506980153,0.0005482405335440106
feature_39,0.0036335596251818062,0.0011386230798961958
feature_131,0.003583859998549044,0.0023013464973865396
feature_60,0.0033417409076854252,0.0012997502845149159
feature_66,0.00333766113719067,0.0012985203662959754
feature_51,0.00328313338772826,0.0014292226566615912
feature_157,0.003013172770964184,0.0003979618488938503
feature_130,0.00299696466180219,0.000882755751831766
feature_158,0.00293486124197635,0.0009118285476472091
feature_124,0.0027328034970777763,0.0013845653216231965
feature_129,0.002666059148318178,0.0011457732950857472
feature_61,0.002596546639719449,0.001644733023718135
feature_67,0.0025944574221622276,0.0016449715411106704
feature_6,0.0025343233919194906,0.0010592667927276046
feature_87,0.0024159545702688605,0.0005047403475280719
feature_14,0.0023919462234569615,0.0008051157736112703
feature_5,0.002391570556162334,0.0008083197341264798
feature_95,0.002305510343891937,0.0011827369397875102
feature_82,0.0019700192563763376,0.000867230877728513
feature_91,0.0019331945324356336,0.0012910399908689356
feature_76,0.0018178528493242364,0.0010143738173997011
feature_154,0.0017591038859019858,0.00027994066179662955
feature_54,0.0017480546460836577,0.0006923714125145272
feature_132,0.0017089487850711987,0.0016150359864005182
feature_10,0.0016568519456858027,0.0012968848343538075
feature_98,0.0016110532179488906,0.0004861503959951048
feature_36,0.001513890652894967,0.0007060722241125746
feature_133,0.00147174435202429,0.0015948968478056292
feature_27,0.0013258052168903882,0.0006411120875466244
feature_99,0.0013151150386766536,0.0004701417772481351
feature_42,0.0012387042195397767,0.0008295554952246101
feature_161,0.001218784686275179,0.0007076049346976817
feature_35,0.0012167135749616032,0.0007142862286139017
feature_122,0.0012092879265062167,0.00023225242974987106
feature_123,0.001184044178641544,0.00040609033773996095
feature_153,0.0011676337885734606,0.00034841096963681437
feature_16,0.0011465565923523713,0.00076492326480885
feature_134,0.0010132445650726518,0.00042100086032057605
feature_48,0.0009698020342158193,0.0009648359365124052
feature_12,0.0009175084189611188,0.000480942571586109
feature_107,0.0009062974221302949,0.00029588103568891884
k_core,0.0009051441859988324,0.00019460266480857106
feature_160,0.000888284760129518,0.0009803945185002324
clustering,0.00078729272334567,0.0004998523119633345
feature_165,0.0007031725472941092,0.0006308628699882321
feature_11,0.0006996931063658173,0.0005116387387179641
feature_63,0.0006019986412469314,0.0010983274736357219
feature_26,0.000584281093514108,0.00035619466949145733
feature_37,0.0005157066913348829,0.0006162211702947456
feature_110,0.0005083416722129669,0.0002584556138394998
feature_126,0.00044750827122103933,0.0001834567131922161
feature_135,0.0004421391611994591,0.00028742465576834874
feature_71,0.0003233992648394135,0.0003123681474332698
feature_106,0.00032204505299012756,0.0004638218963051925
feature_7,0.00029022037350432127,0.0003665772311992175
feature_64,0.000289500659522296,0.0008509899766202515
feature_58,0.0002891628310736333,0.0008511795997441155
feature_21,0.00022075700097477224,4.546362108791684e-05
feature_111,0.00021043676630767282,0.0002719170803202845
feature_70,0.0002054221416772084,0.00012542824347806924
feature_104,0.00018710251093433382,6.905740858515544e-05
feature_73,0.00017979073419315816,0.00024039582789756167
feature_15,0.00016407739047391844,0.0003263289518357211
feature_34,0.0001403339957849026,0.0003654117203419326
feature_72,0.00013855859956417028,0.00023359494265576445
feature_75,0.00012750263479246183,5.72591893127383e-05
feature_33,0.00010675749886226437,0.00029913058256044654
feature_56,4.890786395011781e-05,0.00015560049000071339
feature_121,-1.4821911617668437e-06,2.5431484148720003e-05
feature_32,-1.9616734973809667e-05,5.19571563597358e-05
feature_96,-3.2901986391062345e-05,4.152941085727947e-05
feature_30,-3.344846261214007e-05,0.00017228729974604932
feature_24,-3.345377527604332e-05,0.0001723781365401994
feature_8,-5.271688773943739e-05,0.00014828548229029674
feature_102,-0.00011775451150802529,0.0003705421638231156
feature_105,-0.00013759200016353056,0.00011000874346822025
in_degree,-0.00022855802779201962,0.000133072840531573
pagerank,-0.0002828381108575861,9.39357251613193e-05
feature_103,-0.00033557701808302476,3.6665034653927415e-05
feature_152,-0.000341312538462879,0.0005791324248170498
feature_74,-0.00038941098094342764,0.00039811730884567627
feature_90,-0.0004222424797775154,0.0013071676350451954
feature_150,-0.0005746340569259684,0.0044224962138661545
feature_113,-0.0005863056283729878,0.00037760174057520194
feature_138,-0.0006071991484083883,0.00020273654560296278
feature_62,-0.000944983348367559,0.0007113285833748393
feature_20,-0.0011747217689123512,0.0003855111207074231
feature_112,-0.0014914263803767786,0.0019519811713312719
feature_100,-0.002103415876634296,0.0005409248956119035
weak_component_size,-0.003920575306074206,0.0004927206986132823
feature_3,-0.005963784413655105,0.0006374142233715079
feature_136,-0.006643428836449189,0.00032726943545188455
feature_139,-0.011785686800989384,0.0007564645641804624
